order,action,kept,removed,details
48643,removed,bulk_batch_1,,
48648,removed,bulk_batch_1,,
48650,removed,bulk_batch_1,,
48653,removed,bulk_batch_1,,
48654,removed,bulk_batch_1,,
48657,removed,bulk_batch_1,,
48662,removed,bulk_batch_1,,
48671,removed,bulk_batch_1,,
48674,removed,bulk_batch_1,,
48675,removed,bulk_batch_1,,
48676,removed,bulk_batch_1,,
48679,removed,bulk_batch_1,,
48680,removed,bulk_batch_1,,
48689,removed,bulk_batch_1,,
48703,removed,bulk_batch_1,,
48704,removed,bulk_batch_1,,
48709,removed,bulk_batch_1,,
48717,removed,bulk_batch_1,,
48720,removed,bulk_batch_1,,
48726,removed,bulk_batch_1,,
48727,removed,bulk_batch_1,,
48731,removed,bulk_batch_1,,
48733,removed,bulk_batch_1,,
48734,removed,bulk_batch_1,,
48739,removed,bulk_batch_1,,
48754,removed,bulk_batch_1,,
48756,removed,bulk_batch_1,,
48757,removed,bulk_batch_1,,
48758,removed,bulk_batch_1,,
48759,removed,bulk_batch_1,,
48760,removed,bulk_batch_1,,
48771,removed,bulk_batch_1,,
48773,removed,bulk_batch_1,,
48776,removed,bulk_batch_1,,
48779,removed,bulk_batch_1,,
48788,removed,bulk_batch_1,,
48791,removed,bulk_batch_1,,
48795,removed,bulk_batch_1,,
48796,removed,bulk_batch_1,,
48798,removed,bulk_batch_1,,
48808,removed,bulk_batch_1,,
48815,removed,bulk_batch_1,,
48823,removed,bulk_batch_1,,
48825,removed,bulk_batch_1,,
48827,removed,bulk_batch_1,,
48835,removed,bulk_batch_1,,
48836,removed,bulk_batch_1,,
48837,removed,bulk_batch_1,,
48846,removed,bulk_batch_1,,
48854,removed,bulk_batch_1,,
48863,removed,bulk_batch_1,,
48883,removed,bulk_batch_1,,
48884,removed,bulk_batch_1,,
48885,removed,bulk_batch_1,,
48886,removed,bulk_batch_1,,
48889,removed,bulk_batch_1,,
48890,removed,bulk_batch_1,,
48892,removed,bulk_batch_1,,
48893,removed,bulk_batch_1,,
48894,removed,bulk_batch_1,,
48895,removed,bulk_batch_1,,
48896,removed,bulk_batch_1,,
48897,removed,bulk_batch_1,,
48898,removed,bulk_batch_1,,
48900,removed,bulk_batch_1,,
48901,removed,bulk_batch_1,,
48902,removed,bulk_batch_1,,
48903,removed,bulk_batch_1,,
48904,removed,bulk_batch_1,,
48906,removed,bulk_batch_1,,
48912,removed,bulk_batch_1,,
48916,removed,bulk_batch_1,,
48922,removed,bulk_batch_1,,
48924,removed,bulk_batch_1,,
48961,removed,bulk_batch_1,,
48979,removed,bulk_batch_1,,
48980,removed,bulk_batch_1,,
48987,removed,bulk_batch_1,,
49007,removed,bulk_batch_1,,
49017,removed,bulk_batch_1,,
49018,removed,bulk_batch_1,,
49022,removed,bulk_batch_1,,
49025,removed,bulk_batch_1,,
49027,removed,bulk_batch_1,,
49043,removed,bulk_batch_1,,
49050,removed,bulk_batch_1,,
49060,removed,bulk_batch_1,,
49076,removed,bulk_batch_1,,
49088,removed,bulk_batch_1,,
49093,removed,bulk_batch_1,,
49103,removed,bulk_batch_1,,
49125,removed,bulk_batch_1,,
49136,removed,bulk_batch_1,,
49178,removed,bulk_batch_1,,
49188,removed,bulk_batch_1,,
49215,removed,bulk_batch_1,,
49225,removed,bulk_batch_1,,
49231,removed,bulk_batch_1,,
49266,removed,bulk_batch_1,,
49268,removed,bulk_batch_1,,
49270,removed,bulk_batch_1,,
49277,removed,bulk_batch_1,,
49297,removed,bulk_batch_1,,
49316,removed,bulk_batch_1,,
49330,removed,bulk_batch_1,,
49332,removed,bulk_batch_1,,
49344,removed,bulk_batch_1,,
49348,removed,bulk_batch_1,,
49350,removed,bulk_batch_1,,
49358,removed,bulk_batch_1,,
49361,removed,bulk_batch_1,,
49367,removed,bulk_batch_1,,
49373,removed,bulk_batch_1,,
49406,removed,bulk_batch_1,,
49419,removed,bulk_batch_1,,
49442,removed,bulk_batch_1,,
49454,removed,bulk_batch_1,,
49457,removed,bulk_batch_1,,
49469,removed,bulk_batch_1,,
49478,removed,bulk_batch_1,,
49494,removed,bulk_batch_1,,
49498,removed,bulk_batch_1,,
49509,removed,bulk_batch_1,,
49514,removed,bulk_batch_1,,
49515,removed,bulk_batch_1,,
49516,removed,bulk_batch_1,,
49527,removed,bulk_batch_1,,
49536,removed,bulk_batch_1,,
49557,removed,bulk_batch_1,,
49566,removed,bulk_batch_1,,
49568,removed,bulk_batch_1,,
49572,removed,bulk_batch_1,,
49612,removed,bulk_batch_1,,
49616,removed,bulk_batch_1,,
49623,removed,bulk_batch_1,,
49653,removed,bulk_batch_1,,
49659,removed,bulk_batch_1,,
49678,removed,bulk_batch_1,,
49682,removed,bulk_batch_1,,
49685,removed,bulk_batch_1,,
49687,removed,bulk_batch_1,,
49688,removed,bulk_batch_1,,
49695,removed,bulk_batch_1,,
49696,removed,bulk_batch_1,,
49701,removed,bulk_batch_1,,
49705,removed,bulk_batch_1,,
49707,removed,bulk_batch_1,,
49709,removed,bulk_batch_1,,
49710,removed,bulk_batch_1,,
49711,removed,bulk_batch_1,,
49712,removed,bulk_batch_1,,
49719,removed,bulk_batch_1,,
49721,removed,bulk_batch_1,,
49727,removed,bulk_batch_1,,
49729,removed,bulk_batch_1,,
49739,removed,bulk_batch_1,,
49745,removed,bulk_batch_1,,
49750,removed,bulk_batch_1,,
49754,removed,bulk_batch_1,,
49755,removed,bulk_batch_1,,
49757,removed,bulk_batch_1,,
49773,removed,bulk_batch_1,,
49780,removed,bulk_batch_1,,
49782,removed,bulk_batch_1,,
49785,removed,bulk_batch_1,,
49790,removed,bulk_batch_1,,
49791,removed,bulk_batch_1,,
49793,removed,bulk_batch_1,,
49797,removed,bulk_batch_1,,
49800,removed,bulk_batch_1,,
49804,removed,bulk_batch_1,,
49805,removed,bulk_batch_1,,
49809,removed,bulk_batch_1,,
49811,removed,bulk_batch_1,,
49813,removed,bulk_batch_1,,
49817,removed,bulk_batch_1,,
49823,removed,bulk_batch_1,,
49824,removed,bulk_batch_1,,
49825,removed,bulk_batch_1,,
49836,removed,bulk_batch_1,,
49837,removed,bulk_batch_1,,
49840,removed,bulk_batch_1,,
49841,removed,bulk_batch_1,,
49846,removed,bulk_batch_1,,
49850,removed,bulk_batch_1,,
49851,removed,bulk_batch_1,,
49855,removed,bulk_batch_1,,
49859,removed,bulk_batch_1,,
49860,removed,bulk_batch_1,,
49864,removed,bulk_batch_1,,
49865,removed,bulk_batch_1,,
49878,removed,bulk_batch_1,,
49880,removed,bulk_batch_1,,
49882,removed,bulk_batch_1,,
49883,removed,bulk_batch_1,,
49888,removed,bulk_batch_1,,
49910,removed,bulk_batch_1,,
49917,removed,bulk_batch_1,,
49919,removed,bulk_batch_1,,
49921,removed,bulk_batch_1,,
49923,removed,bulk_batch_2,,
49929,removed,bulk_batch_2,,
49933,removed,bulk_batch_2,,
49937,removed,bulk_batch_2,,
49944,removed,bulk_batch_2,,
49952,removed,bulk_batch_2,,
49966,removed,bulk_batch_2,,
49967,removed,bulk_batch_2,,
49970,removed,bulk_batch_2,,
49971,removed,bulk_batch_2,,
49977,removed,bulk_batch_2,,
49979,removed,bulk_batch_2,,
49980,removed,bulk_batch_2,,
49982,removed,bulk_batch_2,,
49984,removed,bulk_batch_2,,
49990,removed,bulk_batch_2,,
49999,removed,bulk_batch_2,,
50007,removed,bulk_batch_2,,
50013,removed,bulk_batch_2,,
50014,removed,bulk_batch_2,,
50016,removed,bulk_batch_2,,
50018,removed,bulk_batch_2,,
50019,removed,bulk_batch_2,,
50021,removed,bulk_batch_2,,
50023,removed,bulk_batch_2,,
50024,removed,bulk_batch_2,,
50028,removed,bulk_batch_2,,
50029,removed,bulk_batch_2,,
50030,removed,bulk_batch_2,,
50031,removed,bulk_batch_2,,
50033,removed,bulk_batch_2,,
50036,removed,bulk_batch_2,,
50037,removed,bulk_batch_2,,
50038,removed,bulk_batch_2,,
50039,removed,bulk_batch_2,,
50040,removed,bulk_batch_2,,
50043,removed,bulk_batch_2,,
50046,removed,bulk_batch_2,,
50047,removed,bulk_batch_2,,
50052,removed,bulk_batch_2,,
50053,removed,bulk_batch_2,,
50054,removed,bulk_batch_2,,
50055,removed,bulk_batch_2,,
50056,removed,bulk_batch_2,,
50060,removed,bulk_batch_2,,
50061,removed,bulk_batch_2,,
50063,removed,bulk_batch_2,,
50064,removed,bulk_batch_2,,
50065,removed,bulk_batch_2,,
50067,removed,bulk_batch_2,,
50068,removed,bulk_batch_2,,
50070,removed,bulk_batch_2,,
50071,removed,bulk_batch_2,,
50074,removed,bulk_batch_2,,
50077,removed,bulk_batch_2,,
50079,removed,bulk_batch_2,,
50080,removed,bulk_batch_2,,
50083,removed,bulk_batch_2,,
50085,removed,bulk_batch_2,,
50086,removed,bulk_batch_2,,
50087,removed,bulk_batch_2,,
50091,removed,bulk_batch_2,,
50094,removed,bulk_batch_2,,
50095,removed,bulk_batch_2,,
50096,removed,bulk_batch_2,,
50099,removed,bulk_batch_2,,
50102,removed,bulk_batch_2,,
50113,removed,bulk_batch_2,,
50114,removed,bulk_batch_2,,
50118,removed,bulk_batch_2,,
50120,removed,bulk_batch_2,,
50122,removed,bulk_batch_2,,
50126,removed,bulk_batch_2,,
50135,removed,bulk_batch_2,,
50140,removed,bulk_batch_2,,
50141,removed,bulk_batch_2,,
50142,removed,bulk_batch_2,,
50143,removed,bulk_batch_2,,
50144,removed,bulk_batch_2,,
50146,removed,bulk_batch_2,,
50154,removed,bulk_batch_2,,
50155,removed,bulk_batch_2,,
50156,removed,bulk_batch_2,,
50159,removed,bulk_batch_2,,
50161,removed,bulk_batch_2,,
50164,removed,bulk_batch_2,,
50165,removed,bulk_batch_2,,
50166,removed,bulk_batch_2,,
50167,removed,bulk_batch_2,,
50171,removed,bulk_batch_2,,
50172,removed,bulk_batch_2,,
50173,removed,bulk_batch_2,,
50174,removed,bulk_batch_2,,
50175,removed,bulk_batch_2,,
50180,removed,bulk_batch_2,,
50181,removed,bulk_batch_2,,
50182,removed,bulk_batch_2,,
50183,removed,bulk_batch_2,,
50185,removed,bulk_batch_2,,
50186,removed,bulk_batch_2,,
50187,removed,bulk_batch_2,,
50191,removed,bulk_batch_2,,
50192,removed,bulk_batch_2,,
50194,removed,bulk_batch_2,,
50195,removed,bulk_batch_2,,
50197,removed,bulk_batch_2,,
50200,removed,bulk_batch_2,,
50201,removed,bulk_batch_2,,
50202,removed,bulk_batch_2,,
50203,removed,bulk_batch_2,,
50204,removed,bulk_batch_2,,
50205,removed,bulk_batch_2,,
50206,removed,bulk_batch_2,,
50210,removed,bulk_batch_2,,
50211,removed,bulk_batch_2,,
50213,removed,bulk_batch_2,,
50214,removed,bulk_batch_2,,
50215,removed,bulk_batch_2,,
50216,removed,bulk_batch_2,,
50217,removed,bulk_batch_2,,
50220,removed,bulk_batch_2,,
50222,removed,bulk_batch_2,,
50223,removed,bulk_batch_2,,
50227,removed,bulk_batch_2,,
50229,removed,bulk_batch_2,,
50230,removed,bulk_batch_2,,
50231,removed,bulk_batch_2,,
50232,removed,bulk_batch_2,,
50233,removed,bulk_batch_2,,
50238,removed,bulk_batch_2,,
50239,removed,bulk_batch_2,,
50241,removed,bulk_batch_2,,
50245,removed,bulk_batch_2,,
50246,removed,bulk_batch_2,,
50247,removed,bulk_batch_2,,
50248,removed,bulk_batch_2,,
50249,removed,bulk_batch_2,,
50252,removed,bulk_batch_2,,
50253,removed,bulk_batch_2,,
50256,removed,bulk_batch_2,,
50257,removed,bulk_batch_2,,
50258,removed,bulk_batch_2,,
50259,removed,bulk_batch_2,,
50260,removed,bulk_batch_2,,
50264,removed,bulk_batch_2,,
50265,removed,bulk_batch_2,,
50266,removed,bulk_batch_2,,
50267,removed,bulk_batch_2,,
50270,removed,bulk_batch_2,,
50273,removed,bulk_batch_2,,
50275,removed,bulk_batch_2,,
50276,removed,bulk_batch_2,,
50277,removed,bulk_batch_2,,
50278,removed,bulk_batch_2,,
50279,removed,bulk_batch_2,,
50282,removed,bulk_batch_2,,
50284,removed,bulk_batch_2,,
50285,removed,bulk_batch_2,,
50286,removed,bulk_batch_2,,
50287,removed,bulk_batch_2,,
50289,removed,bulk_batch_2,,
50292,removed,bulk_batch_2,,
50293,removed,bulk_batch_2,,
50296,removed,bulk_batch_2,,
50299,removed,bulk_batch_2,,
50303,removed,bulk_batch_2,,
50306,removed,bulk_batch_2,,
50310,removed,bulk_batch_2,,
50311,removed,bulk_batch_2,,
50312,removed,bulk_batch_2,,
50316,removed,bulk_batch_2,,
50317,removed,bulk_batch_2,,
50318,removed,bulk_batch_2,,
50319,removed,bulk_batch_2,,
50320,removed,bulk_batch_2,,
50323,removed,bulk_batch_2,,
50324,removed,bulk_batch_2,,
50329,removed,bulk_batch_2,,
50331,removed,bulk_batch_2,,
50335,removed,bulk_batch_2,,
50336,removed,bulk_batch_2,,
50337,removed,bulk_batch_2,,
50340,removed,bulk_batch_2,,
50341,removed,bulk_batch_2,,
50343,removed,bulk_batch_2,,
50344,removed,bulk_batch_2,,
50346,removed,bulk_batch_2,,
50349,removed,bulk_batch_2,,
50350,removed,bulk_batch_2,,
50353,removed,bulk_batch_2,,
50354,removed,bulk_batch_2,,
50356,removed,bulk_batch_2,,
50357,removed,bulk_batch_2,,
50360,removed,bulk_batch_2,,
50361,removed,bulk_batch_2,,
50365,removed,bulk_batch_2,,
50368,removed,bulk_batch_2,,
50370,removed,bulk_batch_2,,
50371,removed,bulk_batch_2,,
50375,removed,bulk_batch_2,,
50376,removed,bulk_batch_3,,
50377,removed,bulk_batch_3,,
50379,removed,bulk_batch_3,,
50380,removed,bulk_batch_3,,
50382,removed,bulk_batch_3,,
50388,removed,bulk_batch_3,,
50398,removed,bulk_batch_3,,
50402,removed,bulk_batch_3,,
50409,removed,bulk_batch_3,,
50412,removed,bulk_batch_3,,
50416,removed,bulk_batch_3,,
50417,removed,bulk_batch_3,,
50421,removed,bulk_batch_3,,
50422,removed,bulk_batch_3,,
50423,removed,bulk_batch_3,,
50424,removed,bulk_batch_3,,
50426,removed,bulk_batch_3,,
50432,removed,bulk_batch_3,,
50433,removed,bulk_batch_3,,
50434,removed,bulk_batch_3,,
50436,removed,bulk_batch_3,,
50437,removed,bulk_batch_3,,
50439,removed,bulk_batch_3,,
50444,removed,bulk_batch_3,,
50446,removed,bulk_batch_3,,
50447,removed,bulk_batch_3,,
50449,removed,bulk_batch_3,,
50451,removed,bulk_batch_3,,
50452,removed,bulk_batch_3,,
50455,removed,bulk_batch_3,,
50457,removed,bulk_batch_3,,
50458,removed,bulk_batch_3,,
50459,removed,bulk_batch_3,,
50461,removed,bulk_batch_3,,
50462,removed,bulk_batch_3,,
50463,removed,bulk_batch_3,,
50466,removed,bulk_batch_3,,
50467,removed,bulk_batch_3,,
50470,removed,bulk_batch_3,,
50471,removed,bulk_batch_3,,
50475,removed,bulk_batch_3,,
50476,removed,bulk_batch_3,,
50477,removed,bulk_batch_3,,
50478,removed,bulk_batch_3,,
50483,removed,bulk_batch_3,,
50484,removed,bulk_batch_3,,
50485,removed,bulk_batch_3,,
50487,removed,bulk_batch_3,,
50488,removed,bulk_batch_3,,
50490,removed,bulk_batch_3,,
50492,removed,bulk_batch_3,,
50493,removed,bulk_batch_3,,
50494,removed,bulk_batch_3,,
50496,removed,bulk_batch_3,,
50499,removed,bulk_batch_3,,
50501,removed,bulk_batch_3,,
50505,removed,bulk_batch_3,,
50506,removed,bulk_batch_3,,
50507,removed,bulk_batch_3,,
50508,removed,bulk_batch_3,,
50510,removed,bulk_batch_3,,
50511,removed,bulk_batch_3,,
50512,removed,bulk_batch_3,,
50513,removed,bulk_batch_3,,
50514,removed,bulk_batch_3,,
50515,removed,bulk_batch_3,,
50516,removed,bulk_batch_3,,
50517,removed,bulk_batch_3,,
50518,removed,bulk_batch_3,,
50521,removed,bulk_batch_3,,
50522,removed,bulk_batch_3,,
50524,removed,bulk_batch_3,,
50525,removed,bulk_batch_3,,
50526,removed,bulk_batch_3,,
50527,removed,bulk_batch_3,,
50528,removed,bulk_batch_3,,
50530,removed,bulk_batch_3,,
50532,removed,bulk_batch_3,,
50533,removed,bulk_batch_3,,
50534,removed,bulk_batch_3,,
50537,removed,bulk_batch_3,,
50538,removed,bulk_batch_3,,
50540,removed,bulk_batch_3,,
50543,removed,bulk_batch_3,,
50544,removed,bulk_batch_3,,
50546,removed,bulk_batch_3,,
50547,removed,bulk_batch_3,,
50548,removed,bulk_batch_3,,
50549,removed,bulk_batch_3,,
50553,removed,bulk_batch_3,,
50559,removed,bulk_batch_3,,
50561,removed,bulk_batch_3,,
50562,removed,bulk_batch_3,,
50563,removed,bulk_batch_3,,
50566,removed,bulk_batch_3,,
50568,removed,bulk_batch_3,,
50570,removed,bulk_batch_3,,
50573,removed,bulk_batch_3,,
50575,removed,bulk_batch_3,,
50576,removed,bulk_batch_3,,
50577,removed,bulk_batch_3,,
50580,removed,bulk_batch_3,,
50584,removed,bulk_batch_3,,
50585,removed,bulk_batch_3,,
50586,removed,bulk_batch_3,,
50589,removed,bulk_batch_3,,
50590,removed,bulk_batch_3,,
50591,removed,bulk_batch_3,,
50592,removed,bulk_batch_3,,
50593,removed,bulk_batch_3,,
50594,removed,bulk_batch_3,,
50595,removed,bulk_batch_3,,
50596,removed,bulk_batch_3,,
50597,removed,bulk_batch_3,,
50600,removed,bulk_batch_3,,
50601,removed,bulk_batch_3,,
50602,removed,bulk_batch_3,,
50603,removed,bulk_batch_3,,
50605,removed,bulk_batch_3,,
50606,removed,bulk_batch_3,,
50607,removed,bulk_batch_3,,
50608,removed,bulk_batch_3,,
50609,removed,bulk_batch_3,,
50612,removed,bulk_batch_3,,
50613,removed,bulk_batch_3,,
50614,removed,bulk_batch_3,,
50616,removed,bulk_batch_3,,
50617,removed,bulk_batch_3,,
50621,removed,bulk_batch_3,,
50624,removed,bulk_batch_3,,
50626,removed,bulk_batch_3,,
50628,removed,bulk_batch_3,,
50629,removed,bulk_batch_3,,
50630,removed,bulk_batch_3,,
50632,removed,bulk_batch_3,,
50634,removed,bulk_batch_3,,
50635,removed,bulk_batch_3,,
50637,removed,bulk_batch_3,,
50638,removed,bulk_batch_3,,
50639,removed,bulk_batch_3,,
50642,removed,bulk_batch_3,,
50645,removed,bulk_batch_3,,
50647,removed,bulk_batch_3,,
50650,removed,bulk_batch_3,,
50652,removed,bulk_batch_3,,
50653,removed,bulk_batch_3,,
50656,removed,bulk_batch_3,,
50657,removed,bulk_batch_3,,
50658,removed,bulk_batch_3,,
50659,removed,bulk_batch_3,,
50660,removed,bulk_batch_3,,
50661,removed,bulk_batch_3,,
50662,removed,bulk_batch_3,,
50664,removed,bulk_batch_3,,
50665,removed,bulk_batch_3,,
50666,removed,bulk_batch_3,,
50667,removed,bulk_batch_3,,
50670,removed,bulk_batch_3,,
50671,removed,bulk_batch_3,,
50673,removed,bulk_batch_3,,
50674,removed,bulk_batch_3,,
50675,removed,bulk_batch_3,,
50677,removed,bulk_batch_3,,
50678,removed,bulk_batch_3,,
50680,removed,bulk_batch_3,,
50681,removed,bulk_batch_3,,
50682,removed,bulk_batch_3,,
50683,removed,bulk_batch_3,,
50684,removed,bulk_batch_3,,
50687,removed,bulk_batch_3,,
50688,removed,bulk_batch_3,,
50689,removed,bulk_batch_3,,
50690,removed,bulk_batch_3,,
50694,removed,bulk_batch_3,,
50695,removed,bulk_batch_3,,
50696,removed,bulk_batch_3,,
50697,removed,bulk_batch_3,,
50699,removed,bulk_batch_3,,
50700,removed,bulk_batch_3,,
50704,removed,bulk_batch_3,,
50705,removed,bulk_batch_3,,
50706,removed,bulk_batch_3,,
50709,removed,bulk_batch_3,,
50710,removed,bulk_batch_3,,
50712,removed,bulk_batch_3,,
50713,removed,bulk_batch_3,,
50714,removed,bulk_batch_3,,
50716,removed,bulk_batch_3,,
50718,removed,bulk_batch_3,,
50721,removed,bulk_batch_3,,
50722,removed,bulk_batch_3,,
50723,removed,bulk_batch_3,,
50725,removed,bulk_batch_3,,
50726,removed,bulk_batch_3,,
50727,removed,bulk_batch_3,,
50729,removed,bulk_batch_3,,
50730,removed,bulk_batch_3,,
50731,removed,bulk_batch_3,,
50732,removed,bulk_batch_3,,
50733,removed,bulk_batch_3,,
50734,removed,bulk_batch_4,,
50738,removed,bulk_batch_4,,
50740,removed,bulk_batch_4,,
50741,removed,bulk_batch_4,,
50743,removed,bulk_batch_4,,
50745,removed,bulk_batch_4,,
50746,removed,bulk_batch_4,,
50749,removed,bulk_batch_4,,
50750,removed,bulk_batch_4,,
50751,removed,bulk_batch_4,,
50752,removed,bulk_batch_4,,
50753,removed,bulk_batch_4,,
50754,removed,bulk_batch_4,,
50755,removed,bulk_batch_4,,
50757,removed,bulk_batch_4,,
50758,removed,bulk_batch_4,,
50759,removed,bulk_batch_4,,
50760,removed,bulk_batch_4,,
50761,removed,bulk_batch_4,,
50762,removed,bulk_batch_4,,
50764,removed,bulk_batch_4,,
50765,removed,bulk_batch_4,,
50766,removed,bulk_batch_4,,
50768,removed,bulk_batch_4,,
50769,removed,bulk_batch_4,,
50770,removed,bulk_batch_4,,
50771,removed,bulk_batch_4,,
50773,removed,bulk_batch_4,,
50776,removed,bulk_batch_4,,
50777,removed,bulk_batch_4,,
50779,removed,bulk_batch_4,,
50780,removed,bulk_batch_4,,
50781,removed,bulk_batch_4,,
50783,removed,bulk_batch_4,,
50785,removed,bulk_batch_4,,
50787,removed,bulk_batch_4,,
50788,removed,bulk_batch_4,,
50790,removed,bulk_batch_4,,
50792,removed,bulk_batch_4,,
50794,removed,bulk_batch_4,,
50796,removed,bulk_batch_4,,
50797,removed,bulk_batch_4,,
50798,removed,bulk_batch_4,,
50800,removed,bulk_batch_4,,
50801,removed,bulk_batch_4,,
50803,removed,bulk_batch_4,,
50808,removed,bulk_batch_4,,
50810,removed,bulk_batch_4,,
50811,removed,bulk_batch_4,,
50812,removed,bulk_batch_4,,
50813,removed,bulk_batch_4,,
50815,removed,bulk_batch_4,,
50816,removed,bulk_batch_4,,
50817,removed,bulk_batch_4,,
50818,removed,bulk_batch_4,,
50819,removed,bulk_batch_4,,
50820,removed,bulk_batch_4,,
50821,removed,bulk_batch_4,,
50822,removed,bulk_batch_4,,
50823,removed,bulk_batch_4,,
50826,removed,bulk_batch_4,,
50828,removed,bulk_batch_4,,
50829,removed,bulk_batch_4,,
50830,removed,bulk_batch_4,,
50831,removed,bulk_batch_4,,
50832,removed,bulk_batch_4,,
50835,removed,bulk_batch_4,,
50836,removed,bulk_batch_4,,
50838,removed,bulk_batch_4,,
50839,removed,bulk_batch_4,,
50840,removed,bulk_batch_4,,
50843,removed,bulk_batch_4,,
50844,removed,bulk_batch_4,,
50847,removed,bulk_batch_4,,
50848,removed,bulk_batch_4,,
50849,removed,bulk_batch_4,,
50850,removed,bulk_batch_4,,
50851,removed,bulk_batch_4,,
50856,removed,bulk_batch_4,,
50857,removed,bulk_batch_4,,
50859,removed,bulk_batch_4,,
50861,removed,bulk_batch_4,,
50863,removed,bulk_batch_4,,
50864,removed,bulk_batch_4,,
50865,removed,bulk_batch_4,,
50866,removed,bulk_batch_4,,
50867,removed,bulk_batch_4,,
50868,removed,bulk_batch_4,,
50870,removed,bulk_batch_4,,
50871,removed,bulk_batch_4,,
50872,removed,bulk_batch_4,,
50875,removed,bulk_batch_4,,
50876,removed,bulk_batch_4,,
50879,removed,bulk_batch_4,,
50880,removed,bulk_batch_4,,
50881,removed,bulk_batch_4,,
50884,removed,bulk_batch_4,,
50885,removed,bulk_batch_4,,
50886,removed,bulk_batch_4,,
50887,removed,bulk_batch_4,,
50890,removed,bulk_batch_4,,
50891,removed,bulk_batch_4,,
50892,removed,bulk_batch_4,,
50893,removed,bulk_batch_4,,
50894,removed,bulk_batch_4,,
50895,removed,bulk_batch_4,,
50896,removed,bulk_batch_4,,
50898,removed,bulk_batch_4,,
50899,removed,bulk_batch_4,,
50900,removed,bulk_batch_4,,
50902,removed,bulk_batch_4,,
50904,removed,bulk_batch_4,,
50907,removed,bulk_batch_4,,
50909,removed,bulk_batch_4,,
50910,removed,bulk_batch_4,,
50911,removed,bulk_batch_4,,
50912,removed,bulk_batch_4,,
50913,removed,bulk_batch_4,,
50914,removed,bulk_batch_4,,
50915,removed,bulk_batch_4,,
50917,removed,bulk_batch_4,,
50918,removed,bulk_batch_4,,
50919,removed,bulk_batch_4,,
50920,removed,bulk_batch_4,,
50921,removed,bulk_batch_4,,
50922,removed,bulk_batch_4,,
50923,removed,bulk_batch_4,,
50924,removed,bulk_batch_4,,
50926,removed,bulk_batch_4,,
50927,removed,bulk_batch_4,,
50928,removed,bulk_batch_4,,
50929,removed,bulk_batch_4,,
50931,removed,bulk_batch_4,,
50934,removed,bulk_batch_4,,
50935,removed,bulk_batch_4,,
50936,removed,bulk_batch_4,,
50937,removed,bulk_batch_4,,
50938,removed,bulk_batch_4,,
50939,removed,bulk_batch_4,,
50940,removed,bulk_batch_4,,
50941,removed,bulk_batch_4,,
50943,removed,bulk_batch_4,,
50945,removed,bulk_batch_4,,
50949,removed,bulk_batch_4,,
50950,removed,bulk_batch_4,,
50951,removed,bulk_batch_4,,
50952,removed,bulk_batch_4,,
50953,removed,bulk_batch_4,,
50954,removed,bulk_batch_4,,
50955,removed,bulk_batch_4,,
50956,removed,bulk_batch_4,,
50957,removed,bulk_batch_4,,
50959,removed,bulk_batch_4,,
50960,removed,bulk_batch_4,,
50961,removed,bulk_batch_4,,
50962,removed,bulk_batch_4,,
50966,removed,bulk_batch_4,,
50967,removed,bulk_batch_4,,
50968,removed,bulk_batch_4,,
50969,removed,bulk_batch_4,,
50970,removed,bulk_batch_4,,
50971,removed,bulk_batch_4,,
50972,removed,bulk_batch_4,,
50973,removed,bulk_batch_4,,
50975,removed,bulk_batch_4,,
50976,removed,bulk_batch_4,,
50977,removed,bulk_batch_4,,
50978,removed,bulk_batch_4,,
50979,removed,bulk_batch_4,,
50980,removed,bulk_batch_4,,
50981,removed,bulk_batch_4,,
50982,removed,bulk_batch_4,,
50984,removed,bulk_batch_4,,
50986,removed,bulk_batch_4,,
50989,removed,bulk_batch_4,,
50992,removed,bulk_batch_4,,
50994,removed,bulk_batch_4,,
50995,removed,bulk_batch_4,,
50998,removed,bulk_batch_4,,
51000,removed,bulk_batch_4,,
51001,removed,bulk_batch_4,,
51002,removed,bulk_batch_4,,
51003,removed,bulk_batch_4,,
51004,removed,bulk_batch_4,,
51005,removed,bulk_batch_4,,
51007,removed,bulk_batch_4,,
51008,removed,bulk_batch_4,,
51009,removed,bulk_batch_4,,
51010,removed,bulk_batch_4,,
51012,removed,bulk_batch_4,,
51014,removed,bulk_batch_4,,
51015,removed,bulk_batch_4,,
51017,removed,bulk_batch_4,,
51018,removed,bulk_batch_4,,
51019,removed,bulk_batch_4,,
51020,removed,bulk_batch_4,,
51021,removed,bulk_batch_4,,
51022,removed,bulk_batch_4,,
51023,removed,bulk_batch_4,,
51024,removed,bulk_batch_4,,
51025,removed,bulk_batch_5,,
51026,removed,bulk_batch_5,,
51027,removed,bulk_batch_5,,
51029,removed,bulk_batch_5,,
51031,removed,bulk_batch_5,,
51033,removed,bulk_batch_5,,
51034,removed,bulk_batch_5,,
51035,removed,bulk_batch_5,,
51036,removed,bulk_batch_5,,
51037,removed,bulk_batch_5,,
51038,removed,bulk_batch_5,,
51039,removed,bulk_batch_5,,
51041,removed,bulk_batch_5,,
51043,removed,bulk_batch_5,,
51044,removed,bulk_batch_5,,
51045,removed,bulk_batch_5,,
51046,removed,bulk_batch_5,,
51047,removed,bulk_batch_5,,
51048,removed,bulk_batch_5,,
51049,removed,bulk_batch_5,,
51050,removed,bulk_batch_5,,
51052,removed,bulk_batch_5,,
51053,removed,bulk_batch_5,,
51054,removed,bulk_batch_5,,
51055,removed,bulk_batch_5,,
51057,removed,bulk_batch_5,,
51059,removed,bulk_batch_5,,
51060,removed,bulk_batch_5,,
51062,removed,bulk_batch_5,,
51063,removed,bulk_batch_5,,
51064,removed,bulk_batch_5,,
51065,removed,bulk_batch_5,,
51066,removed,bulk_batch_5,,
51067,removed,bulk_batch_5,,
51069,removed,bulk_batch_5,,
51071,removed,bulk_batch_5,,
51073,removed,bulk_batch_5,,
51074,removed,bulk_batch_5,,
51077,removed,bulk_batch_5,,
51080,removed,bulk_batch_5,,
51082,removed,bulk_batch_5,,
51084,removed,bulk_batch_5,,
51085,removed,bulk_batch_5,,
51086,removed,bulk_batch_5,,
51087,removed,bulk_batch_5,,
51088,removed,bulk_batch_5,,
51089,removed,bulk_batch_5,,
51090,removed,bulk_batch_5,,
51091,removed,bulk_batch_5,,
51092,removed,bulk_batch_5,,
51093,removed,bulk_batch_5,,
51098,removed,bulk_batch_5,,
51099,removed,bulk_batch_5,,
51100,removed,bulk_batch_5,,
51102,removed,bulk_batch_5,,
51103,removed,bulk_batch_5,,
51104,removed,bulk_batch_5,,
51105,removed,bulk_batch_5,,
51108,removed,bulk_batch_5,,
51110,removed,bulk_batch_5,,
51111,removed,bulk_batch_5,,
51113,removed,bulk_batch_5,,
51114,removed,bulk_batch_5,,
51115,removed,bulk_batch_5,,
51116,removed,bulk_batch_5,,
51117,removed,bulk_batch_5,,
51118,removed,bulk_batch_5,,
51119,removed,bulk_batch_5,,
51120,removed,bulk_batch_5,,
51121,removed,bulk_batch_5,,
51122,removed,bulk_batch_5,,
51123,removed,bulk_batch_5,,
51125,removed,bulk_batch_5,,
51127,removed,bulk_batch_5,,
51129,removed,bulk_batch_5,,
51131,removed,bulk_batch_5,,
51132,removed,bulk_batch_5,,
51135,removed,bulk_batch_5,,
51136,removed,bulk_batch_5,,
51137,removed,bulk_batch_5,,
51138,removed,bulk_batch_5,,
51139,removed,bulk_batch_5,,
51141,removed,bulk_batch_5,,
51142,removed,bulk_batch_5,,
51143,removed,bulk_batch_5,,
51144,removed,bulk_batch_5,,
51146,removed,bulk_batch_5,,
51147,removed,bulk_batch_5,,
51148,removed,bulk_batch_5,,
51149,removed,bulk_batch_5,,
51152,removed,bulk_batch_5,,
51153,removed,bulk_batch_5,,
51154,removed,bulk_batch_5,,
51155,removed,bulk_batch_5,,
51157,removed,bulk_batch_5,,
51158,removed,bulk_batch_5,,
51159,removed,bulk_batch_5,,
51160,removed,bulk_batch_5,,
51161,removed,bulk_batch_5,,
51163,removed,bulk_batch_5,,
51165,removed,bulk_batch_5,,
51166,removed,bulk_batch_5,,
51169,removed,bulk_batch_5,,
51171,removed,bulk_batch_5,,
51172,removed,bulk_batch_5,,
51175,removed,bulk_batch_5,,
51176,removed,bulk_batch_5,,
51179,removed,bulk_batch_5,,
51180,removed,bulk_batch_5,,
51181,removed,bulk_batch_5,,
51183,removed,bulk_batch_5,,
51184,removed,bulk_batch_5,,
51185,removed,bulk_batch_5,,
51186,removed,bulk_batch_5,,
51187,removed,bulk_batch_5,,
51188,removed,bulk_batch_5,,
51189,removed,bulk_batch_5,,
51191,removed,bulk_batch_5,,
51194,removed,bulk_batch_5,,
51195,removed,bulk_batch_5,,
51196,removed,bulk_batch_5,,
51198,removed,bulk_batch_5,,
51199,removed,bulk_batch_5,,
51201,removed,bulk_batch_5,,
51203,removed,bulk_batch_5,,
51204,removed,bulk_batch_5,,
51209,removed,bulk_batch_5,,
51211,removed,bulk_batch_5,,
51212,removed,bulk_batch_5,,
51213,removed,bulk_batch_5,,
51214,removed,bulk_batch_5,,
51219,removed,bulk_batch_5,,
51220,removed,bulk_batch_5,,
51222,removed,bulk_batch_5,,
51225,removed,bulk_batch_5,,
51227,removed,bulk_batch_5,,
51228,removed,bulk_batch_5,,
51229,removed,bulk_batch_5,,
51230,removed,bulk_batch_5,,
51231,removed,bulk_batch_5,,
51232,removed,bulk_batch_5,,
51233,removed,bulk_batch_5,,
51235,removed,bulk_batch_5,,
51236,removed,bulk_batch_5,,
51237,removed,bulk_batch_5,,
51238,removed,bulk_batch_5,,
51239,removed,bulk_batch_5,,
51240,removed,bulk_batch_5,,
51243,removed,bulk_batch_5,,
51244,removed,bulk_batch_5,,
51245,removed,bulk_batch_5,,
51246,removed,bulk_batch_5,,
51248,removed,bulk_batch_5,,
51249,removed,bulk_batch_5,,
51251,removed,bulk_batch_5,,
51252,removed,bulk_batch_5,,
51254,removed,bulk_batch_5,,
51256,removed,bulk_batch_5,,
51258,removed,bulk_batch_5,,
51259,removed,bulk_batch_5,,
51260,removed,bulk_batch_5,,
51261,removed,bulk_batch_5,,
51262,removed,bulk_batch_5,,
51263,removed,bulk_batch_5,,
51264,removed,bulk_batch_5,,
51265,removed,bulk_batch_5,,
51267,removed,bulk_batch_5,,
51268,removed,bulk_batch_5,,
51269,removed,bulk_batch_5,,
51270,removed,bulk_batch_5,,
51271,removed,bulk_batch_5,,
51272,removed,bulk_batch_5,,
51274,removed,bulk_batch_5,,
51275,removed,bulk_batch_5,,
51276,removed,bulk_batch_5,,
51277,removed,bulk_batch_5,,
51278,removed,bulk_batch_5,,
51279,removed,bulk_batch_5,,
51280,removed,bulk_batch_5,,
51281,removed,bulk_batch_5,,
51282,removed,bulk_batch_5,,
51283,removed,bulk_batch_5,,
51284,removed,bulk_batch_5,,
51285,removed,bulk_batch_5,,
51286,removed,bulk_batch_5,,
51287,removed,bulk_batch_5,,
51288,removed,bulk_batch_5,,
51290,removed,bulk_batch_5,,
51292,removed,bulk_batch_5,,
51295,removed,bulk_batch_5,,
51296,removed,bulk_batch_5,,
51297,removed,bulk_batch_5,,
51299,removed,bulk_batch_5,,
51300,removed,bulk_batch_5,,
51303,removed,bulk_batch_5,,
51305,removed,bulk_batch_5,,
51306,removed,bulk_batch_5,,
51309,removed,bulk_batch_5,,
51310,removed,bulk_batch_5,,
51311,removed,bulk_batch_5,,
51312,removed,bulk_batch_6,,
51313,removed,bulk_batch_6,,
51317,removed,bulk_batch_6,,
51318,removed,bulk_batch_6,,
51319,removed,bulk_batch_6,,
51322,removed,bulk_batch_6,,
51323,removed,bulk_batch_6,,
51324,removed,bulk_batch_6,,
51325,removed,bulk_batch_6,,
51326,removed,bulk_batch_6,,
51327,removed,bulk_batch_6,,
51330,removed,bulk_batch_6,,
51332,removed,bulk_batch_6,,
51333,removed,bulk_batch_6,,
51334,removed,bulk_batch_6,,
51335,removed,bulk_batch_6,,
51336,removed,bulk_batch_6,,
51337,removed,bulk_batch_6,,
51338,removed,bulk_batch_6,,
51340,removed,bulk_batch_6,,
51341,removed,bulk_batch_6,,
51344,removed,bulk_batch_6,,
51345,removed,bulk_batch_6,,
51346,removed,bulk_batch_6,,
51349,removed,bulk_batch_6,,
51350,removed,bulk_batch_6,,
51351,removed,bulk_batch_6,,
51352,removed,bulk_batch_6,,
51354,removed,bulk_batch_6,,
51355,removed,bulk_batch_6,,
51356,removed,bulk_batch_6,,
51357,removed,bulk_batch_6,,
51359,removed,bulk_batch_6,,
51361,removed,bulk_batch_6,,
51365,removed,bulk_batch_6,,
51367,removed,bulk_batch_6,,
51368,removed,bulk_batch_6,,
51369,removed,bulk_batch_6,,
51370,removed,bulk_batch_6,,
51371,removed,bulk_batch_6,,
51372,removed,bulk_batch_6,,
51374,removed,bulk_batch_6,,
51375,removed,bulk_batch_6,,
51376,removed,bulk_batch_6,,
51377,removed,bulk_batch_6,,
51379,removed,bulk_batch_6,,
51380,removed,bulk_batch_6,,
51381,removed,bulk_batch_6,,
51382,removed,bulk_batch_6,,
51384,removed,bulk_batch_6,,
51386,removed,bulk_batch_6,,
51387,removed,bulk_batch_6,,
51388,removed,bulk_batch_6,,
51389,removed,bulk_batch_6,,
51390,removed,bulk_batch_6,,
51391,removed,bulk_batch_6,,
51393,removed,bulk_batch_6,,
51394,removed,bulk_batch_6,,
51395,removed,bulk_batch_6,,
51396,removed,bulk_batch_6,,
51398,removed,bulk_batch_6,,
51400,removed,bulk_batch_6,,
51403,removed,bulk_batch_6,,
51407,removed,bulk_batch_6,,
51408,removed,bulk_batch_6,,
51409,removed,bulk_batch_6,,
51410,removed,bulk_batch_6,,
51411,removed,bulk_batch_6,,
51412,removed,bulk_batch_6,,
51413,removed,bulk_batch_6,,
51414,removed,bulk_batch_6,,
51416,removed,bulk_batch_6,,
51418,removed,bulk_batch_6,,
51419,removed,bulk_batch_6,,
51420,removed,bulk_batch_6,,
51421,removed,bulk_batch_6,,
51422,removed,bulk_batch_6,,
51423,removed,bulk_batch_6,,
51424,removed,bulk_batch_6,,
51425,removed,bulk_batch_6,,
51427,removed,bulk_batch_6,,
51428,removed,bulk_batch_6,,
51429,removed,bulk_batch_6,,
51430,removed,bulk_batch_6,,
51431,removed,bulk_batch_6,,
51432,removed,bulk_batch_6,,
51433,removed,bulk_batch_6,,
51434,removed,bulk_batch_6,,
51435,removed,bulk_batch_6,,
51438,removed,bulk_batch_6,,
51442,removed,bulk_batch_6,,
51443,removed,bulk_batch_6,,
51444,removed,bulk_batch_6,,
51446,removed,bulk_batch_6,,
51448,removed,bulk_batch_6,,
51449,removed,bulk_batch_6,,
51450,removed,bulk_batch_6,,
51451,removed,bulk_batch_6,,
51452,removed,bulk_batch_6,,
51453,removed,bulk_batch_6,,
51454,removed,bulk_batch_6,,
51455,removed,bulk_batch_6,,
51456,removed,bulk_batch_6,,
51460,removed,bulk_batch_6,,
51462,removed,bulk_batch_6,,
51464,removed,bulk_batch_6,,
51465,removed,bulk_batch_6,,
51466,removed,bulk_batch_6,,
51467,removed,bulk_batch_6,,
51468,removed,bulk_batch_6,,
51469,removed,bulk_batch_6,,
51470,removed,bulk_batch_6,,
51472,removed,bulk_batch_6,,
51473,removed,bulk_batch_6,,
51474,removed,bulk_batch_6,,
51475,removed,bulk_batch_6,,
51476,removed,bulk_batch_6,,
51477,removed,bulk_batch_6,,
51478,removed,bulk_batch_6,,
51480,removed,bulk_batch_6,,
51481,removed,bulk_batch_6,,
51482,removed,bulk_batch_6,,
51483,removed,bulk_batch_6,,
51484,removed,bulk_batch_6,,
51485,removed,bulk_batch_6,,
51486,removed,bulk_batch_6,,
51488,removed,bulk_batch_6,,
51489,removed,bulk_batch_6,,
51490,removed,bulk_batch_6,,
51491,removed,bulk_batch_6,,
51492,removed,bulk_batch_6,,
51493,removed,bulk_batch_6,,
51494,removed,bulk_batch_6,,
51495,removed,bulk_batch_6,,
51496,removed,bulk_batch_6,,
51497,removed,bulk_batch_6,,
51498,removed,bulk_batch_6,,
51501,removed,bulk_batch_6,,
51502,removed,bulk_batch_6,,
51503,removed,bulk_batch_6,,
51504,removed,bulk_batch_6,,
51505,removed,bulk_batch_6,,
51508,removed,bulk_batch_6,,
51509,removed,bulk_batch_6,,
51511,removed,bulk_batch_6,,
51512,removed,bulk_batch_6,,
51513,removed,bulk_batch_6,,
51514,removed,bulk_batch_6,,
51516,removed,bulk_batch_6,,
51517,removed,bulk_batch_6,,
51518,removed,bulk_batch_6,,
51520,removed,bulk_batch_6,,
51521,removed,bulk_batch_6,,
51522,removed,bulk_batch_6,,
51523,removed,bulk_batch_6,,
51524,removed,bulk_batch_6,,
51525,removed,bulk_batch_6,,
51526,removed,bulk_batch_6,,
51527,removed,bulk_batch_6,,
51528,removed,bulk_batch_6,,
51529,removed,bulk_batch_6,,
51530,removed,bulk_batch_6,,
51531,removed,bulk_batch_6,,
51532,removed,bulk_batch_6,,
51534,removed,bulk_batch_6,,
51536,removed,bulk_batch_6,,
51537,removed,bulk_batch_6,,
51538,removed,bulk_batch_6,,
51539,removed,bulk_batch_6,,
51540,removed,bulk_batch_6,,
51541,removed,bulk_batch_6,,
51542,removed,bulk_batch_6,,
51543,removed,bulk_batch_6,,
51544,removed,bulk_batch_6,,
51545,removed,bulk_batch_6,,
51546,removed,bulk_batch_6,,
51548,removed,bulk_batch_6,,
51549,removed,bulk_batch_6,,
51551,removed,bulk_batch_6,,
51552,removed,bulk_batch_6,,
51553,removed,bulk_batch_6,,
51554,removed,bulk_batch_6,,
51555,removed,bulk_batch_6,,
51556,removed,bulk_batch_6,,
51557,removed,bulk_batch_6,,
51558,removed,bulk_batch_6,,
51559,removed,bulk_batch_6,,
51560,removed,bulk_batch_6,,
51561,removed,bulk_batch_6,,
51562,removed,bulk_batch_6,,
51564,removed,bulk_batch_6,,
51565,removed,bulk_batch_6,,
51566,removed,bulk_batch_6,,
51567,removed,bulk_batch_6,,
51568,removed,bulk_batch_6,,
51569,removed,bulk_batch_6,,
51571,removed,bulk_batch_6,,
51574,removed,bulk_batch_6,,
51575,removed,bulk_batch_6,,
51576,removed,bulk_batch_6,,
51578,removed,bulk_batch_7,,
51579,removed,bulk_batch_7,,
51580,removed,bulk_batch_7,,
51581,removed,bulk_batch_7,,
51583,removed,bulk_batch_7,,
51587,removed,bulk_batch_7,,
51588,removed,bulk_batch_7,,
51589,removed,bulk_batch_7,,
51590,removed,bulk_batch_7,,
51591,removed,bulk_batch_7,,
51593,removed,bulk_batch_7,,
51594,removed,bulk_batch_7,,
51595,removed,bulk_batch_7,,
51598,removed,bulk_batch_7,,
51599,removed,bulk_batch_7,,
51600,removed,bulk_batch_7,,
51601,removed,bulk_batch_7,,
51602,removed,bulk_batch_7,,
51603,removed,bulk_batch_7,,
51604,removed,bulk_batch_7,,
51605,removed,bulk_batch_7,,
51606,removed,bulk_batch_7,,
51607,removed,bulk_batch_7,,
51608,removed,bulk_batch_7,,
51610,removed,bulk_batch_7,,
51611,removed,bulk_batch_7,,
51612,removed,bulk_batch_7,,
51613,removed,bulk_batch_7,,
51614,removed,bulk_batch_7,,
51615,removed,bulk_batch_7,,
51616,removed,bulk_batch_7,,
51618,removed,bulk_batch_7,,
51619,removed,bulk_batch_7,,
51620,removed,bulk_batch_7,,
51621,removed,bulk_batch_7,,
51622,removed,bulk_batch_7,,
51623,removed,bulk_batch_7,,
51624,removed,bulk_batch_7,,
51627,removed,bulk_batch_7,,
51628,removed,bulk_batch_7,,
51630,removed,bulk_batch_7,,
51631,removed,bulk_batch_7,,
51632,removed,bulk_batch_7,,
51633,removed,bulk_batch_7,,
51634,removed,bulk_batch_7,,
51635,removed,bulk_batch_7,,
51636,removed,bulk_batch_7,,
51637,removed,bulk_batch_7,,
51638,removed,bulk_batch_7,,
51639,removed,bulk_batch_7,,
51640,removed,bulk_batch_7,,
51642,removed,bulk_batch_7,,
51643,removed,bulk_batch_7,,
51644,removed,bulk_batch_7,,
51645,removed,bulk_batch_7,,
51646,removed,bulk_batch_7,,
51647,removed,bulk_batch_7,,
51648,removed,bulk_batch_7,,
51649,removed,bulk_batch_7,,
51650,removed,bulk_batch_7,,
51651,removed,bulk_batch_7,,
51652,removed,bulk_batch_7,,
51653,removed,bulk_batch_7,,
51655,removed,bulk_batch_7,,
51657,removed,bulk_batch_7,,
51658,removed,bulk_batch_7,,
51659,removed,bulk_batch_7,,
51660,removed,bulk_batch_7,,
51662,removed,bulk_batch_7,,
51663,removed,bulk_batch_7,,
51665,removed,bulk_batch_7,,
51666,removed,bulk_batch_7,,
51667,removed,bulk_batch_7,,
51668,removed,bulk_batch_7,,
51669,removed,bulk_batch_7,,
51670,removed,bulk_batch_7,,
51672,removed,bulk_batch_7,,
51676,removed,bulk_batch_7,,
51677,removed,bulk_batch_7,,
51678,removed,bulk_batch_7,,
51679,removed,bulk_batch_7,,
51680,removed,bulk_batch_7,,
51681,removed,bulk_batch_7,,
51682,removed,bulk_batch_7,,
51683,removed,bulk_batch_7,,
51684,removed,bulk_batch_7,,
51687,removed,bulk_batch_7,,
51688,removed,bulk_batch_7,,
51689,removed,bulk_batch_7,,
51690,removed,bulk_batch_7,,
51691,removed,bulk_batch_7,,
51693,removed,bulk_batch_7,,
51694,removed,bulk_batch_7,,
51695,removed,bulk_batch_7,,
51696,removed,bulk_batch_7,,
51699,removed,bulk_batch_7,,
51700,removed,bulk_batch_7,,
51702,removed,bulk_batch_7,,
51705,removed,bulk_batch_7,,
51707,removed,bulk_batch_7,,
51708,removed,bulk_batch_7,,
51710,removed,bulk_batch_7,,
51711,removed,bulk_batch_7,,
51712,removed,bulk_batch_7,,
51713,removed,bulk_batch_7,,
51714,removed,bulk_batch_7,,
51715,removed,bulk_batch_7,,
51716,removed,bulk_batch_7,,
51717,removed,bulk_batch_7,,
51718,removed,bulk_batch_7,,
51719,removed,bulk_batch_7,,
51720,removed,bulk_batch_7,,
51722,removed,bulk_batch_7,,
51723,removed,bulk_batch_7,,
51724,removed,bulk_batch_7,,
51725,removed,bulk_batch_7,,
51726,removed,bulk_batch_7,,
51727,removed,bulk_batch_7,,
51728,removed,bulk_batch_7,,
51729,removed,bulk_batch_7,,
51731,removed,bulk_batch_7,,
51732,removed,bulk_batch_7,,
51733,removed,bulk_batch_7,,
51734,removed,bulk_batch_7,,
51738,removed,bulk_batch_7,,
51739,removed,bulk_batch_7,,
51740,removed,bulk_batch_7,,
51741,removed,bulk_batch_7,,
51742,removed,bulk_batch_7,,
51743,removed,bulk_batch_7,,
51744,removed,bulk_batch_7,,
51745,removed,bulk_batch_7,,
51746,removed,bulk_batch_7,,
51747,removed,bulk_batch_7,,
51748,removed,bulk_batch_7,,
51750,removed,bulk_batch_7,,
51751,removed,bulk_batch_7,,
51752,removed,bulk_batch_7,,
51753,removed,bulk_batch_7,,
51754,removed,bulk_batch_7,,
51755,removed,bulk_batch_7,,
51757,removed,bulk_batch_7,,
51758,removed,bulk_batch_7,,
51759,removed,bulk_batch_7,,
51760,removed,bulk_batch_7,,
51761,removed,bulk_batch_7,,
51762,removed,bulk_batch_7,,
51763,removed,bulk_batch_7,,
51764,removed,bulk_batch_7,,
51766,removed,bulk_batch_7,,
51768,removed,bulk_batch_7,,
51769,removed,bulk_batch_7,,
51770,removed,bulk_batch_7,,
51771,removed,bulk_batch_7,,
51772,removed,bulk_batch_7,,
51773,removed,bulk_batch_7,,
51774,removed,bulk_batch_7,,
51775,removed,bulk_batch_7,,
51777,removed,bulk_batch_7,,
51779,removed,bulk_batch_7,,
51780,removed,bulk_batch_7,,
51781,removed,bulk_batch_7,,
51782,removed,bulk_batch_7,,
51783,removed,bulk_batch_7,,
51784,removed,bulk_batch_7,,
51785,removed,bulk_batch_7,,
51787,removed,bulk_batch_7,,
51788,removed,bulk_batch_7,,
51790,removed,bulk_batch_7,,
51791,removed,bulk_batch_7,,
51792,removed,bulk_batch_7,,
51793,removed,bulk_batch_7,,
51794,removed,bulk_batch_7,,
51796,removed,bulk_batch_7,,
51798,removed,bulk_batch_7,,
51799,removed,bulk_batch_7,,
51800,removed,bulk_batch_7,,
51801,removed,bulk_batch_7,,
51803,removed,bulk_batch_7,,
51804,removed,bulk_batch_7,,
51805,removed,bulk_batch_7,,
51806,removed,bulk_batch_7,,
51808,removed,bulk_batch_7,,
51809,removed,bulk_batch_7,,
51810,removed,bulk_batch_7,,
51812,removed,bulk_batch_7,,
51813,removed,bulk_batch_7,,
51814,removed,bulk_batch_7,,
51815,removed,bulk_batch_7,,
51816,removed,bulk_batch_7,,
51819,removed,bulk_batch_7,,
51820,removed,bulk_batch_7,,
51821,removed,bulk_batch_7,,
51822,removed,bulk_batch_7,,
51823,removed,bulk_batch_7,,
51824,removed,bulk_batch_7,,
51825,removed,bulk_batch_7,,
51826,removed,bulk_batch_7,,
51828,removed,bulk_batch_7,,
51829,removed,bulk_batch_7,,
51830,removed,bulk_batch_8,,
51831,removed,bulk_batch_8,,
51832,removed,bulk_batch_8,,
51833,removed,bulk_batch_8,,
51834,removed,bulk_batch_8,,
51835,removed,bulk_batch_8,,
51837,removed,bulk_batch_8,,
51838,removed,bulk_batch_8,,
51839,removed,bulk_batch_8,,
51840,removed,bulk_batch_8,,
51841,removed,bulk_batch_8,,
51842,removed,bulk_batch_8,,
51843,removed,bulk_batch_8,,
51844,removed,bulk_batch_8,,
51846,removed,bulk_batch_8,,
51847,removed,bulk_batch_8,,
51848,removed,bulk_batch_8,,
51849,removed,bulk_batch_8,,
51850,removed,bulk_batch_8,,
51851,removed,bulk_batch_8,,
51852,removed,bulk_batch_8,,
51853,removed,bulk_batch_8,,
51854,removed,bulk_batch_8,,
51855,removed,bulk_batch_8,,
51857,removed,bulk_batch_8,,
51858,removed,bulk_batch_8,,
51859,removed,bulk_batch_8,,
51860,removed,bulk_batch_8,,
51861,removed,bulk_batch_8,,
51862,removed,bulk_batch_8,,
51863,removed,bulk_batch_8,,
51864,removed,bulk_batch_8,,
51865,removed,bulk_batch_8,,
51866,removed,bulk_batch_8,,
51867,removed,bulk_batch_8,,
51868,removed,bulk_batch_8,,
51869,removed,bulk_batch_8,,
51870,removed,bulk_batch_8,,
51871,removed,bulk_batch_8,,
51872,removed,bulk_batch_8,,
51873,removed,bulk_batch_8,,
51874,removed,bulk_batch_8,,
51875,removed,bulk_batch_8,,
51876,removed,bulk_batch_8,,
51878,removed,bulk_batch_8,,
51879,removed,bulk_batch_8,,
51880,removed,bulk_batch_8,,
51881,removed,bulk_batch_8,,
51882,removed,bulk_batch_8,,
51883,removed,bulk_batch_8,,
51884,removed,bulk_batch_8,,
51885,removed,bulk_batch_8,,
51886,removed,bulk_batch_8,,
51887,removed,bulk_batch_8,,
51888,removed,bulk_batch_8,,
51889,removed,bulk_batch_8,,
51890,removed,bulk_batch_8,,
51891,removed,bulk_batch_8,,
51892,removed,bulk_batch_8,,
51893,removed,bulk_batch_8,,
51894,removed,bulk_batch_8,,
51895,removed,bulk_batch_8,,
51896,removed,bulk_batch_8,,
51897,removed,bulk_batch_8,,
51898,removed,bulk_batch_8,,
51899,removed,bulk_batch_8,,
51900,removed,bulk_batch_8,,
51901,removed,bulk_batch_8,,
51902,removed,bulk_batch_8,,
51903,removed,bulk_batch_8,,
51904,removed,bulk_batch_8,,
51906,removed,bulk_batch_8,,
51907,removed,bulk_batch_8,,
51908,removed,bulk_batch_8,,
51909,removed,bulk_batch_8,,
51910,removed,bulk_batch_8,,
51911,removed,bulk_batch_8,,
51912,removed,bulk_batch_8,,
51913,removed,bulk_batch_8,,
51914,removed,bulk_batch_8,,
51915,removed,bulk_batch_8,,
51916,removed,bulk_batch_8,,
51918,removed,bulk_batch_8,,
51919,removed,bulk_batch_8,,
51920,removed,bulk_batch_8,,
51921,removed,bulk_batch_8,,
51922,removed,bulk_batch_8,,
51923,removed,bulk_batch_8,,
51926,removed,bulk_batch_8,,
51927,removed,bulk_batch_8,,
51929,removed,bulk_batch_8,,
51930,removed,bulk_batch_8,,
51931,removed,bulk_batch_8,,
51932,removed,bulk_batch_8,,
51933,removed,bulk_batch_8,,
51934,removed,bulk_batch_8,,
51935,removed,bulk_batch_8,,
51936,removed,bulk_batch_8,,
51938,removed,bulk_batch_8,,
51939,removed,bulk_batch_8,,
51940,removed,bulk_batch_8,,
51941,removed,bulk_batch_8,,
51942,removed,bulk_batch_8,,
51943,removed,bulk_batch_8,,
51944,removed,bulk_batch_8,,
51945,removed,bulk_batch_8,,
51946,removed,bulk_batch_8,,
51947,removed,bulk_batch_8,,
51948,removed,bulk_batch_8,,
51949,removed,bulk_batch_8,,
51950,removed,bulk_batch_8,,
51951,removed,bulk_batch_8,,
51952,removed,bulk_batch_8,,
51953,removed,bulk_batch_8,,
51954,removed,bulk_batch_8,,
51955,removed,bulk_batch_8,,
51956,removed,bulk_batch_8,,
51957,removed,bulk_batch_8,,
51958,removed,bulk_batch_8,,
51960,removed,bulk_batch_8,,
51961,removed,bulk_batch_8,,
51962,removed,bulk_batch_8,,
51963,removed,bulk_batch_8,,
51964,removed,bulk_batch_8,,
51965,removed,bulk_batch_8,,
51966,removed,bulk_batch_8,,
51968,removed,bulk_batch_8,,
51969,removed,bulk_batch_8,,
51970,removed,bulk_batch_8,,
51971,removed,bulk_batch_8,,
51972,removed,bulk_batch_8,,
51973,removed,bulk_batch_8,,
51975,removed,bulk_batch_8,,
51976,removed,bulk_batch_8,,
51977,removed,bulk_batch_8,,
51978,removed,bulk_batch_8,,
51979,removed,bulk_batch_8,,
51980,removed,bulk_batch_8,,
51982,removed,bulk_batch_8,,
51983,removed,bulk_batch_8,,
51984,removed,bulk_batch_8,,
51985,removed,bulk_batch_8,,
51986,removed,bulk_batch_8,,
51987,removed,bulk_batch_8,,
51988,removed,bulk_batch_8,,
51989,removed,bulk_batch_8,,
51990,removed,bulk_batch_8,,
51991,removed,bulk_batch_8,,
51993,removed,bulk_batch_8,,
51994,removed,bulk_batch_8,,
51995,removed,bulk_batch_8,,
51996,removed,bulk_batch_8,,
51999,removed,bulk_batch_8,,
52000,removed,bulk_batch_8,,
52001,removed,bulk_batch_8,,
52002,removed,bulk_batch_8,,
52003,removed,bulk_batch_8,,
52004,removed,bulk_batch_8,,
52005,removed,bulk_batch_8,,
52006,removed,bulk_batch_8,,
52007,removed,bulk_batch_8,,
52008,removed,bulk_batch_8,,
52009,removed,bulk_batch_8,,
52010,removed,bulk_batch_8,,
52011,removed,bulk_batch_8,,
52012,removed,bulk_batch_8,,
52014,removed,bulk_batch_8,,
52016,removed,bulk_batch_8,,
52017,removed,bulk_batch_8,,
52018,removed,bulk_batch_8,,
52019,removed,bulk_batch_8,,
52020,removed,bulk_batch_8,,
52021,removed,bulk_batch_8,,
52024,removed,bulk_batch_8,,
52025,removed,bulk_batch_8,,
52026,removed,bulk_batch_8,,
52027,removed,bulk_batch_8,,
52028,removed,bulk_batch_8,,
52029,removed,bulk_batch_8,,
52030,removed,bulk_batch_8,,
52031,removed,bulk_batch_8,,
52032,removed,bulk_batch_8,,
52033,removed,bulk_batch_8,,
52035,removed,bulk_batch_8,,
52036,removed,bulk_batch_8,,
52037,removed,bulk_batch_8,,
52038,removed,bulk_batch_8,,
52040,removed,bulk_batch_8,,
52041,removed,bulk_batch_8,,
52042,removed,bulk_batch_8,,
52043,removed,bulk_batch_8,,
52044,removed,bulk_batch_8,,
52046,removed,bulk_batch_8,,
52047,removed,bulk_batch_8,,
52048,removed,bulk_batch_8,,
52049,removed,bulk_batch_8,,
52050,removed,bulk_batch_8,,
52051,removed,bulk_batch_8,,
52052,removed,bulk_batch_8,,
52053,removed,bulk_batch_8,,
52055,removed,bulk_batch_9,,
52056,removed,bulk_batch_9,,
52057,removed,bulk_batch_9,,
52058,removed,bulk_batch_9,,
52059,removed,bulk_batch_9,,
52060,removed,bulk_batch_9,,
52061,removed,bulk_batch_9,,
52062,removed,bulk_batch_9,,
52063,removed,bulk_batch_9,,
52064,removed,bulk_batch_9,,
52065,removed,bulk_batch_9,,
52066,removed,bulk_batch_9,,
52067,removed,bulk_batch_9,,
52068,removed,bulk_batch_9,,
52069,removed,bulk_batch_9,,
52070,removed,bulk_batch_9,,
52071,removed,bulk_batch_9,,
52072,removed,bulk_batch_9,,
52073,removed,bulk_batch_9,,
52074,removed,bulk_batch_9,,
52077,removed,bulk_batch_9,,
52078,removed,bulk_batch_9,,
52079,removed,bulk_batch_9,,
52080,removed,bulk_batch_9,,
52081,removed,bulk_batch_9,,
52082,removed,bulk_batch_9,,
52083,removed,bulk_batch_9,,
52084,removed,bulk_batch_9,,
52085,removed,bulk_batch_9,,
52086,removed,bulk_batch_9,,
52087,removed,bulk_batch_9,,
52088,removed,bulk_batch_9,,
52089,removed,bulk_batch_9,,
52090,removed,bulk_batch_9,,
52091,removed,bulk_batch_9,,
52092,removed,bulk_batch_9,,
52093,removed,bulk_batch_9,,
52094,removed,bulk_batch_9,,
52095,removed,bulk_batch_9,,
52096,removed,bulk_batch_9,,
52097,removed,bulk_batch_9,,
52099,removed,bulk_batch_9,,
52100,removed,bulk_batch_9,,
52101,removed,bulk_batch_9,,
52102,removed,bulk_batch_9,,
52103,removed,bulk_batch_9,,
52104,removed,bulk_batch_9,,
52105,removed,bulk_batch_9,,
52106,removed,bulk_batch_9,,
52109,removed,bulk_batch_9,,
52110,removed,bulk_batch_9,,
52111,removed,bulk_batch_9,,
52112,removed,bulk_batch_9,,
52113,removed,bulk_batch_9,,
52114,removed,bulk_batch_9,,
52115,removed,bulk_batch_9,,
52116,removed,bulk_batch_9,,
52117,removed,bulk_batch_9,,
52118,removed,bulk_batch_9,,
52119,removed,bulk_batch_9,,
52120,removed,bulk_batch_9,,
52121,removed,bulk_batch_9,,
52123,removed,bulk_batch_9,,
52124,removed,bulk_batch_9,,
52125,removed,bulk_batch_9,,
52126,removed,bulk_batch_9,,
52127,removed,bulk_batch_9,,
52128,removed,bulk_batch_9,,
52129,removed,bulk_batch_9,,
52130,removed,bulk_batch_9,,
52131,removed,bulk_batch_9,,
52132,removed,bulk_batch_9,,
52133,removed,bulk_batch_9,,
52134,removed,bulk_batch_9,,
52135,removed,bulk_batch_9,,
52136,removed,bulk_batch_9,,
52137,removed,bulk_batch_9,,
52138,removed,bulk_batch_9,,
52139,removed,bulk_batch_9,,
52140,removed,bulk_batch_9,,
52141,removed,bulk_batch_9,,
52142,removed,bulk_batch_9,,
52143,removed,bulk_batch_9,,
52144,removed,bulk_batch_9,,
52145,removed,bulk_batch_9,,
52146,removed,bulk_batch_9,,
52147,removed,bulk_batch_9,,
52149,removed,bulk_batch_9,,
52150,removed,bulk_batch_9,,
52151,removed,bulk_batch_9,,
52152,removed,bulk_batch_9,,
52153,removed,bulk_batch_9,,
52155,removed,bulk_batch_9,,
52156,removed,bulk_batch_9,,
52158,removed,bulk_batch_9,,
52160,removed,bulk_batch_9,,
52161,removed,bulk_batch_9,,
52162,removed,bulk_batch_9,,
52163,removed,bulk_batch_9,,
52164,removed,bulk_batch_9,,
52165,removed,bulk_batch_9,,
52166,removed,bulk_batch_9,,
52167,removed,bulk_batch_9,,
52168,removed,bulk_batch_9,,
52169,removed,bulk_batch_9,,
52170,removed,bulk_batch_9,,
52171,removed,bulk_batch_9,,
52172,removed,bulk_batch_9,,
52174,removed,bulk_batch_9,,
52175,removed,bulk_batch_9,,
52176,removed,bulk_batch_9,,
52177,removed,bulk_batch_9,,
52178,removed,bulk_batch_9,,
52179,removed,bulk_batch_9,,
52180,removed,bulk_batch_9,,
52181,removed,bulk_batch_9,,
52182,removed,bulk_batch_9,,
52183,removed,bulk_batch_9,,
52184,removed,bulk_batch_9,,
52185,removed,bulk_batch_9,,
52187,removed,bulk_batch_9,,
52189,removed,bulk_batch_9,,
52190,removed,bulk_batch_9,,
52191,removed,bulk_batch_9,,
52193,removed,bulk_batch_9,,
52194,removed,bulk_batch_9,,
52196,removed,bulk_batch_9,,
52197,removed,bulk_batch_9,,
52199,removed,bulk_batch_9,,
52200,removed,bulk_batch_9,,
52201,removed,bulk_batch_9,,
52202,removed,bulk_batch_9,,
52203,removed,bulk_batch_9,,
52204,removed,bulk_batch_9,,
52205,removed,bulk_batch_9,,
52206,removed,bulk_batch_9,,
52208,removed,bulk_batch_9,,
52209,removed,bulk_batch_9,,
52211,removed,bulk_batch_9,,
52212,removed,bulk_batch_9,,
52213,removed,bulk_batch_9,,
52214,removed,bulk_batch_9,,
52215,removed,bulk_batch_9,,
52217,removed,bulk_batch_9,,
52218,removed,bulk_batch_9,,
52219,removed,bulk_batch_9,,
52220,removed,bulk_batch_9,,
52221,removed,bulk_batch_9,,
52222,removed,bulk_batch_9,,
52223,removed,bulk_batch_9,,
52224,removed,bulk_batch_9,,
52225,removed,bulk_batch_9,,
52226,removed,bulk_batch_9,,
52228,removed,bulk_batch_9,,
52229,removed,bulk_batch_9,,
52230,removed,bulk_batch_9,,
52231,removed,bulk_batch_9,,
52232,removed,bulk_batch_9,,
52233,removed,bulk_batch_9,,
52234,removed,bulk_batch_9,,
52235,removed,bulk_batch_9,,
52236,removed,bulk_batch_9,,
52237,removed,bulk_batch_9,,
52238,removed,bulk_batch_9,,
52239,removed,bulk_batch_9,,
52240,removed,bulk_batch_9,,
52241,removed,bulk_batch_9,,
52242,removed,bulk_batch_9,,
52243,removed,bulk_batch_9,,
52244,removed,bulk_batch_9,,
52245,removed,bulk_batch_9,,
52246,removed,bulk_batch_9,,
52247,removed,bulk_batch_9,,
52248,removed,bulk_batch_9,,
52249,removed,bulk_batch_9,,
52250,removed,bulk_batch_9,,
52251,removed,bulk_batch_9,,
52252,removed,bulk_batch_9,,
52253,removed,bulk_batch_9,,
52254,removed,bulk_batch_9,,
52255,removed,bulk_batch_9,,
52256,removed,bulk_batch_9,,
52257,removed,bulk_batch_9,,
52259,removed,bulk_batch_9,,
52260,removed,bulk_batch_9,,
52261,removed,bulk_batch_9,,
52262,removed,bulk_batch_9,,
52263,removed,bulk_batch_9,,
52264,removed,bulk_batch_9,,
52265,removed,bulk_batch_9,,
52266,removed,bulk_batch_9,,
52268,removed,bulk_batch_9,,
52269,removed,bulk_batch_9,,
52270,removed,bulk_batch_9,,
52271,removed,bulk_batch_9,,
52272,removed,bulk_batch_9,,
52273,removed,bulk_batch_9,,
52274,removed,bulk_batch_9,,
52275,removed,bulk_batch_9,,
52276,removed,bulk_batch_9,,
52277,removed,bulk_batch_10,,
52278,removed,bulk_batch_10,,
52279,removed,bulk_batch_10,,
52280,removed,bulk_batch_10,,
52281,removed,bulk_batch_10,,
52285,removed,bulk_batch_10,,
52286,removed,bulk_batch_10,,
52287,removed,bulk_batch_10,,
52288,removed,bulk_batch_10,,
52290,removed,bulk_batch_10,,
52291,removed,bulk_batch_10,,
52292,removed,bulk_batch_10,,
52293,removed,bulk_batch_10,,
52295,removed,bulk_batch_10,,
52296,removed,bulk_batch_10,,
52297,removed,bulk_batch_10,,
52298,removed,bulk_batch_10,,
52299,removed,bulk_batch_10,,
52300,removed,bulk_batch_10,,
52301,removed,bulk_batch_10,,
52302,removed,bulk_batch_10,,
52303,removed,bulk_batch_10,,
52304,removed,bulk_batch_10,,
52305,removed,bulk_batch_10,,
52306,removed,bulk_batch_10,,
52307,removed,bulk_batch_10,,
52308,removed,bulk_batch_10,,
52309,removed,bulk_batch_10,,
52310,removed,bulk_batch_10,,
52311,removed,bulk_batch_10,,
52312,removed,bulk_batch_10,,
52313,removed,bulk_batch_10,,
52314,removed,bulk_batch_10,,
52315,removed,bulk_batch_10,,
52316,removed,bulk_batch_10,,
52317,removed,bulk_batch_10,,
52318,removed,bulk_batch_10,,
52319,removed,bulk_batch_10,,
52320,removed,bulk_batch_10,,
52321,removed,bulk_batch_10,,
52323,removed,bulk_batch_10,,
52324,removed,bulk_batch_10,,
52325,removed,bulk_batch_10,,
52327,removed,bulk_batch_10,,
52328,removed,bulk_batch_10,,
52329,removed,bulk_batch_10,,
52330,removed,bulk_batch_10,,
52331,removed,bulk_batch_10,,
52332,removed,bulk_batch_10,,
52333,removed,bulk_batch_10,,
52334,removed,bulk_batch_10,,
52335,removed,bulk_batch_10,,
52336,removed,bulk_batch_10,,
52338,removed,bulk_batch_10,,
52339,removed,bulk_batch_10,,
52340,removed,bulk_batch_10,,
52341,removed,bulk_batch_10,,
52342,removed,bulk_batch_10,,
52344,removed,bulk_batch_10,,
52345,removed,bulk_batch_10,,
52346,removed,bulk_batch_10,,
52347,removed,bulk_batch_10,,
52348,removed,bulk_batch_10,,
52349,removed,bulk_batch_10,,
52350,removed,bulk_batch_10,,
52353,removed,bulk_batch_10,,
52354,removed,bulk_batch_10,,
52355,removed,bulk_batch_10,,
52356,removed,bulk_batch_10,,
52357,removed,bulk_batch_10,,
52358,removed,bulk_batch_10,,
52359,removed,bulk_batch_10,,
52362,removed,bulk_batch_10,,
52363,removed,bulk_batch_10,,
52364,removed,bulk_batch_10,,
52365,removed,bulk_batch_10,,
52366,removed,bulk_batch_10,,
52367,removed,bulk_batch_10,,
52368,removed,bulk_batch_10,,
52369,removed,bulk_batch_10,,
52370,removed,bulk_batch_10,,
52371,removed,bulk_batch_10,,
52372,removed,bulk_batch_10,,
52373,removed,bulk_batch_10,,
52374,removed,bulk_batch_10,,
52375,removed,bulk_batch_10,,
52376,removed,bulk_batch_10,,
52377,removed,bulk_batch_10,,
52378,removed,bulk_batch_10,,
52379,removed,bulk_batch_10,,
52382,removed,bulk_batch_10,,
52383,removed,bulk_batch_10,,
52384,removed,bulk_batch_10,,
52385,removed,bulk_batch_10,,
52386,removed,bulk_batch_10,,
52387,removed,bulk_batch_10,,
52389,removed,bulk_batch_10,,
52390,removed,bulk_batch_10,,
52391,removed,bulk_batch_10,,
52392,removed,bulk_batch_10,,
52393,removed,bulk_batch_10,,
52397,removed,bulk_batch_10,,
52398,removed,bulk_batch_10,,
52399,removed,bulk_batch_10,,
52400,removed,bulk_batch_10,,
52401,removed,bulk_batch_10,,
52402,removed,bulk_batch_10,,
52403,removed,bulk_batch_10,,
52404,removed,bulk_batch_10,,
52405,removed,bulk_batch_10,,
52406,removed,bulk_batch_10,,
52407,removed,bulk_batch_10,,
52408,removed,bulk_batch_10,,
52409,removed,bulk_batch_10,,
52410,removed,bulk_batch_10,,
52411,removed,bulk_batch_10,,
52412,removed,bulk_batch_10,,
52413,removed,bulk_batch_10,,
52414,removed,bulk_batch_10,,
52415,removed,bulk_batch_10,,
52417,removed,bulk_batch_10,,
52418,removed,bulk_batch_10,,
52419,removed,bulk_batch_10,,
52421,removed,bulk_batch_10,,
52422,removed,bulk_batch_10,,
52423,removed,bulk_batch_10,,
52424,removed,bulk_batch_10,,
52426,removed,bulk_batch_10,,
52427,removed,bulk_batch_10,,
52428,removed,bulk_batch_10,,
52429,removed,bulk_batch_10,,
52431,removed,bulk_batch_10,,
52432,removed,bulk_batch_10,,
52433,removed,bulk_batch_10,,
52434,removed,bulk_batch_10,,
52435,removed,bulk_batch_10,,
52436,removed,bulk_batch_10,,
52437,removed,bulk_batch_10,,
52438,removed,bulk_batch_10,,
52439,removed,bulk_batch_10,,
52440,removed,bulk_batch_10,,
52441,removed,bulk_batch_10,,
52442,removed,bulk_batch_10,,
52443,removed,bulk_batch_10,,
52444,removed,bulk_batch_10,,
52445,removed,bulk_batch_10,,
52447,removed,bulk_batch_10,,
52448,removed,bulk_batch_10,,
52449,removed,bulk_batch_10,,
52450,removed,bulk_batch_10,,
52451,removed,bulk_batch_10,,
52452,removed,bulk_batch_10,,
52453,removed,bulk_batch_10,,
52454,removed,bulk_batch_10,,
52455,removed,bulk_batch_10,,
52456,removed,bulk_batch_10,,
52457,removed,bulk_batch_10,,
52458,removed,bulk_batch_10,,
52459,removed,bulk_batch_10,,
52460,removed,bulk_batch_10,,
52461,removed,bulk_batch_10,,
52462,removed,bulk_batch_10,,
52464,removed,bulk_batch_10,,
52465,removed,bulk_batch_10,,
52466,removed,bulk_batch_10,,
52467,removed,bulk_batch_10,,
52469,removed,bulk_batch_10,,
52470,removed,bulk_batch_10,,
52471,removed,bulk_batch_10,,
52472,removed,bulk_batch_10,,
52473,removed,bulk_batch_10,,
52474,removed,bulk_batch_10,,
52475,removed,bulk_batch_10,,
52476,removed,bulk_batch_10,,
52477,removed,bulk_batch_10,,
52478,removed,bulk_batch_10,,
52479,removed,bulk_batch_10,,
52480,removed,bulk_batch_10,,
52481,removed,bulk_batch_10,,
52483,removed,bulk_batch_10,,
52484,removed,bulk_batch_10,,
52485,removed,bulk_batch_10,,
52486,removed,bulk_batch_10,,
52487,removed,bulk_batch_10,,
52488,removed,bulk_batch_10,,
52489,removed,bulk_batch_10,,
52490,removed,bulk_batch_10,,
52492,removed,bulk_batch_10,,
52493,removed,bulk_batch_10,,
52494,removed,bulk_batch_10,,
52495,removed,bulk_batch_10,,
52496,removed,bulk_batch_10,,
52497,removed,bulk_batch_10,,
52498,removed,bulk_batch_10,,
52499,removed,bulk_batch_10,,
52501,removed,bulk_batch_10,,
52502,removed,bulk_batch_10,,
52503,removed,bulk_batch_10,,
52504,removed,bulk_batch_10,,
52505,removed,bulk_batch_10,,
52506,removed,bulk_batch_11,,
52507,removed,bulk_batch_11,,
52508,removed,bulk_batch_11,,
52509,removed,bulk_batch_11,,
52510,removed,bulk_batch_11,,
52511,removed,bulk_batch_11,,
52512,removed,bulk_batch_11,,
52513,removed,bulk_batch_11,,
52515,removed,bulk_batch_11,,
52516,removed,bulk_batch_11,,
52517,removed,bulk_batch_11,,
52518,removed,bulk_batch_11,,
52519,removed,bulk_batch_11,,
52520,removed,bulk_batch_11,,
52521,removed,bulk_batch_11,,
52522,removed,bulk_batch_11,,
52523,removed,bulk_batch_11,,
52524,removed,bulk_batch_11,,
52525,removed,bulk_batch_11,,
52527,removed,bulk_batch_11,,
52528,removed,bulk_batch_11,,
52531,removed,bulk_batch_11,,
52532,removed,bulk_batch_11,,
52534,removed,bulk_batch_11,,
52535,removed,bulk_batch_11,,
52536,removed,bulk_batch_11,,
52537,removed,bulk_batch_11,,
52538,removed,bulk_batch_11,,
52539,removed,bulk_batch_11,,
52540,removed,bulk_batch_11,,
52541,removed,bulk_batch_11,,
52542,removed,bulk_batch_11,,
52545,removed,bulk_batch_11,,
52546,removed,bulk_batch_11,,
52547,removed,bulk_batch_11,,
52548,removed,bulk_batch_11,,
52549,removed,bulk_batch_11,,
52551,removed,bulk_batch_11,,
52552,removed,bulk_batch_11,,
52553,removed,bulk_batch_11,,
52554,removed,bulk_batch_11,,
52555,removed,bulk_batch_11,,
52556,removed,bulk_batch_11,,
52558,removed,bulk_batch_11,,
52560,removed,bulk_batch_11,,
52561,removed,bulk_batch_11,,
52562,removed,bulk_batch_11,,
52563,removed,bulk_batch_11,,
52564,removed,bulk_batch_11,,
52565,removed,bulk_batch_11,,
52566,removed,bulk_batch_11,,
52567,removed,bulk_batch_11,,
52568,removed,bulk_batch_11,,
52570,removed,bulk_batch_11,,
52571,removed,bulk_batch_11,,
52572,removed,bulk_batch_11,,
52573,removed,bulk_batch_11,,
52574,removed,bulk_batch_11,,
52575,removed,bulk_batch_11,,
52576,removed,bulk_batch_11,,
52577,removed,bulk_batch_11,,
52579,removed,bulk_batch_11,,
52580,removed,bulk_batch_11,,
52581,removed,bulk_batch_11,,
52582,removed,bulk_batch_11,,
52583,removed,bulk_batch_11,,
52584,removed,bulk_batch_11,,
52585,removed,bulk_batch_11,,
52587,removed,bulk_batch_11,,
52588,removed,bulk_batch_11,,
52590,removed,bulk_batch_11,,
52591,removed,bulk_batch_11,,
52592,removed,bulk_batch_11,,
52593,removed,bulk_batch_11,,
52594,removed,bulk_batch_11,,
52595,removed,bulk_batch_11,,
52596,removed,bulk_batch_11,,
52597,removed,bulk_batch_11,,
52598,removed,bulk_batch_11,,
52599,removed,bulk_batch_11,,
52601,removed,bulk_batch_11,,
52602,removed,bulk_batch_11,,
52603,removed,bulk_batch_11,,
52604,removed,bulk_batch_11,,
52605,removed,bulk_batch_11,,
52606,removed,bulk_batch_11,,
52607,removed,bulk_batch_11,,
52608,removed,bulk_batch_11,,
52611,removed,bulk_batch_11,,
52612,removed,bulk_batch_11,,
52613,removed,bulk_batch_11,,
52614,removed,bulk_batch_11,,
52615,removed,bulk_batch_11,,
52616,removed,bulk_batch_11,,
52617,removed,bulk_batch_11,,
52618,removed,bulk_batch_11,,
52619,removed,bulk_batch_11,,
52620,removed,bulk_batch_11,,
52621,removed,bulk_batch_11,,
52622,removed,bulk_batch_11,,
52623,removed,bulk_batch_11,,
52624,removed,bulk_batch_11,,
52625,removed,bulk_batch_11,,
52626,removed,bulk_batch_11,,
52627,removed,bulk_batch_11,,
52629,removed,bulk_batch_11,,
52630,removed,bulk_batch_11,,
52631,removed,bulk_batch_11,,
52632,removed,bulk_batch_11,,
52633,removed,bulk_batch_11,,
52634,removed,bulk_batch_11,,
52635,removed,bulk_batch_11,,
52636,removed,bulk_batch_11,,
52637,removed,bulk_batch_11,,
52638,removed,bulk_batch_11,,
52639,removed,bulk_batch_11,,
52640,removed,bulk_batch_11,,
52641,removed,bulk_batch_11,,
52642,removed,bulk_batch_11,,
52644,removed,bulk_batch_11,,
52645,removed,bulk_batch_11,,
52646,removed,bulk_batch_11,,
52647,removed,bulk_batch_11,,
52648,removed,bulk_batch_11,,
52649,removed,bulk_batch_11,,
52650,removed,bulk_batch_11,,
52651,removed,bulk_batch_11,,
52652,removed,bulk_batch_11,,
52653,removed,bulk_batch_11,,
52654,removed,bulk_batch_11,,
52655,removed,bulk_batch_11,,
52656,removed,bulk_batch_11,,
52657,removed,bulk_batch_11,,
52658,removed,bulk_batch_11,,
52659,removed,bulk_batch_11,,
52661,removed,bulk_batch_11,,
52662,removed,bulk_batch_11,,
52663,removed,bulk_batch_11,,
52664,removed,bulk_batch_11,,
52665,removed,bulk_batch_11,,
52666,removed,bulk_batch_11,,
52667,removed,bulk_batch_11,,
52668,removed,bulk_batch_11,,
52669,removed,bulk_batch_11,,
52670,removed,bulk_batch_11,,
52671,removed,bulk_batch_11,,
52672,removed,bulk_batch_11,,
52673,removed,bulk_batch_11,,
52674,removed,bulk_batch_11,,
52675,removed,bulk_batch_11,,
52676,removed,bulk_batch_11,,
52677,removed,bulk_batch_11,,
52678,removed,bulk_batch_11,,
52679,removed,bulk_batch_11,,
52680,removed,bulk_batch_11,,
52681,removed,bulk_batch_11,,
52682,removed,bulk_batch_11,,
52683,removed,bulk_batch_11,,
52684,removed,bulk_batch_11,,
52685,removed,bulk_batch_11,,
52686,removed,bulk_batch_11,,
52689,removed,bulk_batch_11,,
52690,removed,bulk_batch_11,,
52692,removed,bulk_batch_11,,
52693,removed,bulk_batch_11,,
52695,removed,bulk_batch_11,,
52696,removed,bulk_batch_11,,
52697,removed,bulk_batch_11,,
52698,removed,bulk_batch_11,,
52699,removed,bulk_batch_11,,
52700,removed,bulk_batch_11,,
52701,removed,bulk_batch_11,,
52702,removed,bulk_batch_11,,
52703,removed,bulk_batch_11,,
52704,removed,bulk_batch_11,,
52705,removed,bulk_batch_11,,
52706,removed,bulk_batch_11,,
52707,removed,bulk_batch_11,,
52708,removed,bulk_batch_11,,
52709,removed,bulk_batch_11,,
52710,removed,bulk_batch_11,,
52711,removed,bulk_batch_11,,
52712,removed,bulk_batch_11,,
52713,removed,bulk_batch_11,,
52714,removed,bulk_batch_11,,
52716,removed,bulk_batch_11,,
52718,removed,bulk_batch_11,,
52720,removed,bulk_batch_11,,
52721,removed,bulk_batch_11,,
52722,removed,bulk_batch_11,,
52723,removed,bulk_batch_11,,
52724,removed,bulk_batch_11,,
52725,removed,bulk_batch_11,,
52726,removed,bulk_batch_11,,
52727,removed,bulk_batch_11,,
52728,removed,bulk_batch_11,,
52729,removed,bulk_batch_11,,
52730,removed,bulk_batch_11,,
52731,removed,bulk_batch_11,,
52732,removed,bulk_batch_11,,
52733,removed,bulk_batch_12,,
52734,removed,bulk_batch_12,,
52735,removed,bulk_batch_12,,
52736,removed,bulk_batch_12,,
52737,removed,bulk_batch_12,,
52738,removed,bulk_batch_12,,
52739,removed,bulk_batch_12,,
52740,removed,bulk_batch_12,,
52741,removed,bulk_batch_12,,
52742,removed,bulk_batch_12,,
52743,removed,bulk_batch_12,,
52744,removed,bulk_batch_12,,
52746,removed,bulk_batch_12,,
52747,removed,bulk_batch_12,,
52748,removed,bulk_batch_12,,
52749,removed,bulk_batch_12,,
52750,removed,bulk_batch_12,,
52751,removed,bulk_batch_12,,
52753,removed,bulk_batch_12,,
52754,removed,bulk_batch_12,,
52755,removed,bulk_batch_12,,
52756,removed,bulk_batch_12,,
52757,removed,bulk_batch_12,,
52758,removed,bulk_batch_12,,
52759,removed,bulk_batch_12,,
52760,removed,bulk_batch_12,,
52761,removed,bulk_batch_12,,
52762,removed,bulk_batch_12,,
52763,removed,bulk_batch_12,,
52764,removed,bulk_batch_12,,
52765,removed,bulk_batch_12,,
52766,removed,bulk_batch_12,,
52767,removed,bulk_batch_12,,
52768,removed,bulk_batch_12,,
52769,removed,bulk_batch_12,,
52770,removed,bulk_batch_12,,
52771,removed,bulk_batch_12,,
52772,removed,bulk_batch_12,,
52773,removed,bulk_batch_12,,
52774,removed,bulk_batch_12,,
52776,removed,bulk_batch_12,,
52777,removed,bulk_batch_12,,
52778,removed,bulk_batch_12,,
52779,removed,bulk_batch_12,,
52780,removed,bulk_batch_12,,
52781,removed,bulk_batch_12,,
52782,removed,bulk_batch_12,,
52783,removed,bulk_batch_12,,
52785,removed,bulk_batch_12,,
52786,removed,bulk_batch_12,,
52787,removed,bulk_batch_12,,
52788,removed,bulk_batch_12,,
52789,removed,bulk_batch_12,,
52790,removed,bulk_batch_12,,
52791,removed,bulk_batch_12,,
52792,removed,bulk_batch_12,,
52793,removed,bulk_batch_12,,
52794,removed,bulk_batch_12,,
52795,removed,bulk_batch_12,,
52796,removed,bulk_batch_12,,
52797,removed,bulk_batch_12,,
52798,removed,bulk_batch_12,,
52799,removed,bulk_batch_12,,
52800,removed,bulk_batch_12,,
52802,removed,bulk_batch_12,,
52803,removed,bulk_batch_12,,
52804,removed,bulk_batch_12,,
52805,removed,bulk_batch_12,,
52806,removed,bulk_batch_12,,
52807,removed,bulk_batch_12,,
52808,removed,bulk_batch_12,,
52809,removed,bulk_batch_12,,
52810,removed,bulk_batch_12,,
52811,removed,bulk_batch_12,,
52812,removed,bulk_batch_12,,
52813,removed,bulk_batch_12,,
52814,removed,bulk_batch_12,,
52815,removed,bulk_batch_12,,
52816,removed,bulk_batch_12,,
52817,removed,bulk_batch_12,,
52818,removed,bulk_batch_12,,
52819,removed,bulk_batch_12,,
52820,removed,bulk_batch_12,,
52822,removed,bulk_batch_12,,
52823,removed,bulk_batch_12,,
52824,removed,bulk_batch_12,,
52825,removed,bulk_batch_12,,
52826,removed,bulk_batch_12,,
52827,removed,bulk_batch_12,,
52828,removed,bulk_batch_12,,
52832,removed,bulk_batch_12,,
52834,removed,bulk_batch_12,,
52835,removed,bulk_batch_12,,
52836,removed,bulk_batch_12,,
52837,removed,bulk_batch_12,,
52838,removed,bulk_batch_12,,
52839,removed,bulk_batch_12,,
52840,removed,bulk_batch_12,,
52841,removed,bulk_batch_12,,
52843,removed,bulk_batch_12,,
52844,removed,bulk_batch_12,,
52845,removed,bulk_batch_12,,
52846,removed,bulk_batch_12,,
52847,removed,bulk_batch_12,,
52848,removed,bulk_batch_12,,
52849,removed,bulk_batch_12,,
52850,removed,bulk_batch_12,,
52851,removed,bulk_batch_12,,
52852,removed,bulk_batch_12,,
52854,removed,bulk_batch_12,,
52855,removed,bulk_batch_12,,
52856,removed,bulk_batch_12,,
52858,removed,bulk_batch_12,,
52859,removed,bulk_batch_12,,
52860,removed,bulk_batch_12,,
52862,removed,bulk_batch_12,,
52863,removed,bulk_batch_12,,
52864,removed,bulk_batch_12,,
52865,removed,bulk_batch_12,,
52866,removed,bulk_batch_12,,
52867,removed,bulk_batch_12,,
52868,removed,bulk_batch_12,,
52869,removed,bulk_batch_12,,
52870,removed,bulk_batch_12,,
52871,removed,bulk_batch_12,,
52872,removed,bulk_batch_12,,
52873,removed,bulk_batch_12,,
52874,removed,bulk_batch_12,,
52877,removed,bulk_batch_12,,
52878,removed,bulk_batch_12,,
52879,removed,bulk_batch_12,,
52880,removed,bulk_batch_12,,
52881,removed,bulk_batch_12,,
52882,removed,bulk_batch_12,,
52883,removed,bulk_batch_12,,
52884,removed,bulk_batch_12,,
52885,removed,bulk_batch_12,,
52886,removed,bulk_batch_12,,
52887,removed,bulk_batch_12,,
52888,removed,bulk_batch_12,,
52889,removed,bulk_batch_12,,
52890,removed,bulk_batch_12,,
52891,removed,bulk_batch_12,,
52892,removed,bulk_batch_12,,
52894,removed,bulk_batch_12,,
52895,removed,bulk_batch_12,,
52896,removed,bulk_batch_12,,
52897,removed,bulk_batch_12,,
52899,removed,bulk_batch_12,,
52900,removed,bulk_batch_12,,
52901,removed,bulk_batch_12,,
52903,removed,bulk_batch_12,,
52904,removed,bulk_batch_12,,
52906,removed,bulk_batch_12,,
52907,removed,bulk_batch_12,,
52908,removed,bulk_batch_12,,
52909,removed,bulk_batch_12,,
52910,removed,bulk_batch_12,,
52911,removed,bulk_batch_12,,
52912,removed,bulk_batch_12,,
52913,removed,bulk_batch_12,,
52914,removed,bulk_batch_12,,
52915,removed,bulk_batch_12,,
52918,removed,bulk_batch_12,,
52919,removed,bulk_batch_12,,
52920,removed,bulk_batch_12,,
52921,removed,bulk_batch_12,,
52922,removed,bulk_batch_12,,
52923,removed,bulk_batch_12,,
52924,removed,bulk_batch_12,,
52925,removed,bulk_batch_12,,
52926,removed,bulk_batch_12,,
52927,removed,bulk_batch_12,,
52928,removed,bulk_batch_12,,
52930,removed,bulk_batch_12,,
52931,removed,bulk_batch_12,,
52932,removed,bulk_batch_12,,
52933,removed,bulk_batch_12,,
52934,removed,bulk_batch_12,,
52935,removed,bulk_batch_12,,
52936,removed,bulk_batch_12,,
52937,removed,bulk_batch_12,,
52938,removed,bulk_batch_12,,
52939,removed,bulk_batch_12,,
52940,removed,bulk_batch_12,,
52941,removed,bulk_batch_12,,
52942,removed,bulk_batch_12,,
52943,removed,bulk_batch_12,,
52944,removed,bulk_batch_12,,
52945,removed,bulk_batch_12,,
52946,removed,bulk_batch_12,,
52947,removed,bulk_batch_12,,
52948,removed,bulk_batch_12,,
52950,removed,bulk_batch_12,,
52951,removed,bulk_batch_12,,
52952,removed,bulk_batch_12,,
52953,removed,bulk_batch_12,,
52954,removed,bulk_batch_12,,
52955,removed,bulk_batch_12,,
52956,removed,bulk_batch_12,,
52957,removed,bulk_batch_13,,
52958,removed,bulk_batch_13,,
52959,removed,bulk_batch_13,,
52960,removed,bulk_batch_13,,
52961,removed,bulk_batch_13,,
52962,removed,bulk_batch_13,,
52963,removed,bulk_batch_13,,
52964,removed,bulk_batch_13,,
52965,removed,bulk_batch_13,,
52966,removed,bulk_batch_13,,
52967,removed,bulk_batch_13,,
52968,removed,bulk_batch_13,,
52969,removed,bulk_batch_13,,
52970,removed,bulk_batch_13,,
52971,removed,bulk_batch_13,,
52972,removed,bulk_batch_13,,
52974,removed,bulk_batch_13,,
52975,removed,bulk_batch_13,,
52976,removed,bulk_batch_13,,
52977,removed,bulk_batch_13,,
52978,removed,bulk_batch_13,,
52979,removed,bulk_batch_13,,
52980,removed,bulk_batch_13,,
52981,removed,bulk_batch_13,,
52982,removed,bulk_batch_13,,
52983,removed,bulk_batch_13,,
52984,removed,bulk_batch_13,,
52985,removed,bulk_batch_13,,
52986,removed,bulk_batch_13,,
52987,removed,bulk_batch_13,,
52988,removed,bulk_batch_13,,
52989,removed,bulk_batch_13,,
52990,removed,bulk_batch_13,,
52991,removed,bulk_batch_13,,
52992,removed,bulk_batch_13,,
52993,removed,bulk_batch_13,,
52994,removed,bulk_batch_13,,
52995,removed,bulk_batch_13,,
52996,removed,bulk_batch_13,,
52997,removed,bulk_batch_13,,
52998,removed,bulk_batch_13,,
52999,removed,bulk_batch_13,,
53000,removed,bulk_batch_13,,
53001,removed,bulk_batch_13,,
53002,removed,bulk_batch_13,,
53003,removed,bulk_batch_13,,
53004,removed,bulk_batch_13,,
53005,removed,bulk_batch_13,,
53006,removed,bulk_batch_13,,
53007,removed,bulk_batch_13,,
53008,removed,bulk_batch_13,,
53009,removed,bulk_batch_13,,
53010,removed,bulk_batch_13,,
53011,removed,bulk_batch_13,,
53012,removed,bulk_batch_13,,
53013,removed,bulk_batch_13,,
53014,removed,bulk_batch_13,,
53015,removed,bulk_batch_13,,
53016,removed,bulk_batch_13,,
53017,removed,bulk_batch_13,,
53018,removed,bulk_batch_13,,
53019,removed,bulk_batch_13,,
53020,removed,bulk_batch_13,,
53021,removed,bulk_batch_13,,
53022,removed,bulk_batch_13,,
53024,removed,bulk_batch_13,,
53025,removed,bulk_batch_13,,
53026,removed,bulk_batch_13,,
53027,removed,bulk_batch_13,,
53028,removed,bulk_batch_13,,
53029,removed,bulk_batch_13,,
53030,removed,bulk_batch_13,,
53031,removed,bulk_batch_13,,
53032,removed,bulk_batch_13,,
53033,removed,bulk_batch_13,,
53034,removed,bulk_batch_13,,
53035,removed,bulk_batch_13,,
53036,removed,bulk_batch_13,,
53037,removed,bulk_batch_13,,
53038,removed,bulk_batch_13,,
53039,removed,bulk_batch_13,,
53040,removed,bulk_batch_13,,
53041,removed,bulk_batch_13,,
53043,removed,bulk_batch_13,,
53044,removed,bulk_batch_13,,
53045,removed,bulk_batch_13,,
53046,removed,bulk_batch_13,,
53047,removed,bulk_batch_13,,
53048,removed,bulk_batch_13,,
53049,removed,bulk_batch_13,,
53051,removed,bulk_batch_13,,
53052,removed,bulk_batch_13,,
53053,removed,bulk_batch_13,,
53054,removed,bulk_batch_13,,
53055,removed,bulk_batch_13,,
53056,removed,bulk_batch_13,,
53057,removed,bulk_batch_13,,
53058,removed,bulk_batch_13,,
53059,removed,bulk_batch_13,,
53060,removed,bulk_batch_13,,
53062,removed,bulk_batch_13,,
53063,removed,bulk_batch_13,,
53064,removed,bulk_batch_13,,
53065,removed,bulk_batch_13,,
53066,removed,bulk_batch_13,,
53067,removed,bulk_batch_13,,
53068,removed,bulk_batch_13,,
53069,removed,bulk_batch_13,,
53070,removed,bulk_batch_13,,
53071,removed,bulk_batch_13,,
53072,removed,bulk_batch_13,,
53073,removed,bulk_batch_13,,
53074,removed,bulk_batch_13,,
53075,removed,bulk_batch_13,,
53076,removed,bulk_batch_13,,
53077,removed,bulk_batch_13,,
53078,removed,bulk_batch_13,,
53079,removed,bulk_batch_13,,
53080,removed,bulk_batch_13,,
53081,removed,bulk_batch_13,,
53082,removed,bulk_batch_13,,
53083,removed,bulk_batch_13,,
53084,removed,bulk_batch_13,,
53085,removed,bulk_batch_13,,
53086,removed,bulk_batch_13,,
53087,removed,bulk_batch_13,,
53088,removed,bulk_batch_13,,
53089,removed,bulk_batch_13,,
53090,removed,bulk_batch_13,,
53091,removed,bulk_batch_13,,
53093,removed,bulk_batch_13,,
53094,removed,bulk_batch_13,,
53095,removed,bulk_batch_13,,
53096,removed,bulk_batch_13,,
53098,removed,bulk_batch_13,,
53099,removed,bulk_batch_13,,
53100,removed,bulk_batch_13,,
53102,removed,bulk_batch_13,,
53104,removed,bulk_batch_13,,
53105,removed,bulk_batch_13,,
53108,removed,bulk_batch_13,,
53109,removed,bulk_batch_13,,
53110,removed,bulk_batch_13,,
53112,removed,bulk_batch_13,,
53113,removed,bulk_batch_13,,
53114,removed,bulk_batch_13,,
53115,removed,bulk_batch_13,,
53116,removed,bulk_batch_13,,
53117,removed,bulk_batch_13,,
53118,removed,bulk_batch_13,,
53119,removed,bulk_batch_13,,
53120,removed,bulk_batch_13,,
53121,removed,bulk_batch_13,,
53122,removed,bulk_batch_13,,
53124,removed,bulk_batch_13,,
53125,removed,bulk_batch_13,,
53128,removed,bulk_batch_13,,
53129,removed,bulk_batch_13,,
53130,removed,bulk_batch_13,,
53131,removed,bulk_batch_13,,
53132,removed,bulk_batch_13,,
53133,removed,bulk_batch_13,,
53134,removed,bulk_batch_13,,
53135,removed,bulk_batch_13,,
53136,removed,bulk_batch_13,,
53137,removed,bulk_batch_13,,
53138,removed,bulk_batch_13,,
53139,removed,bulk_batch_13,,
53140,removed,bulk_batch_13,,
53141,removed,bulk_batch_13,,
53142,removed,bulk_batch_13,,
53143,removed,bulk_batch_13,,
53144,removed,bulk_batch_13,,
53145,removed,bulk_batch_13,,
53146,removed,bulk_batch_13,,
53147,removed,bulk_batch_13,,
53148,removed,bulk_batch_13,,
53149,removed,bulk_batch_13,,
53150,removed,bulk_batch_13,,
53151,removed,bulk_batch_13,,
53152,removed,bulk_batch_13,,
53153,removed,bulk_batch_13,,
53154,removed,bulk_batch_13,,
53155,removed,bulk_batch_13,,
53156,removed,bulk_batch_13,,
53157,removed,bulk_batch_13,,
53159,removed,bulk_batch_13,,
53160,removed,bulk_batch_13,,
53161,removed,bulk_batch_13,,
53162,removed,bulk_batch_13,,
53163,removed,bulk_batch_13,,
53164,removed,bulk_batch_13,,
53165,removed,bulk_batch_13,,
53166,removed,bulk_batch_13,,
53167,removed,bulk_batch_13,,
53169,removed,bulk_batch_13,,
53170,removed,bulk_batch_13,,
53171,removed,bulk_batch_13,,
53172,removed,bulk_batch_13,,
53173,removed,bulk_batch_13,,
53174,removed,bulk_batch_14,,
53175,removed,bulk_batch_14,,
53176,removed,bulk_batch_14,,
53177,removed,bulk_batch_14,,
53178,removed,bulk_batch_14,,
53179,removed,bulk_batch_14,,
53180,removed,bulk_batch_14,,
53181,removed,bulk_batch_14,,
53182,removed,bulk_batch_14,,
53183,removed,bulk_batch_14,,
53185,removed,bulk_batch_14,,
53187,removed,bulk_batch_14,,
53188,removed,bulk_batch_14,,
53189,removed,bulk_batch_14,,
53190,removed,bulk_batch_14,,
53191,removed,bulk_batch_14,,
53192,removed,bulk_batch_14,,
53193,removed,bulk_batch_14,,
53194,removed,bulk_batch_14,,
53195,removed,bulk_batch_14,,
53196,removed,bulk_batch_14,,
53198,removed,bulk_batch_14,,
53199,removed,bulk_batch_14,,
53200,removed,bulk_batch_14,,
53201,removed,bulk_batch_14,,
53202,removed,bulk_batch_14,,
53203,removed,bulk_batch_14,,
53204,removed,bulk_batch_14,,
53205,removed,bulk_batch_14,,
53206,removed,bulk_batch_14,,
53207,removed,bulk_batch_14,,
53208,removed,bulk_batch_14,,
53209,removed,bulk_batch_14,,
53210,removed,bulk_batch_14,,
53211,removed,bulk_batch_14,,
53212,removed,bulk_batch_14,,
53213,removed,bulk_batch_14,,
53214,removed,bulk_batch_14,,
53215,removed,bulk_batch_14,,
53216,removed,bulk_batch_14,,
53217,removed,bulk_batch_14,,
53218,removed,bulk_batch_14,,
53219,removed,bulk_batch_14,,
53221,removed,bulk_batch_14,,
53222,removed,bulk_batch_14,,
53224,removed,bulk_batch_14,,
53226,removed,bulk_batch_14,,
53227,removed,bulk_batch_14,,
53228,removed,bulk_batch_14,,
53229,removed,bulk_batch_14,,
53230,removed,bulk_batch_14,,
53231,removed,bulk_batch_14,,
53233,removed,bulk_batch_14,,
53234,removed,bulk_batch_14,,
53236,removed,bulk_batch_14,,
53237,removed,bulk_batch_14,,
53238,removed,bulk_batch_14,,
53240,removed,bulk_batch_14,,
53241,removed,bulk_batch_14,,
53242,removed,bulk_batch_14,,
53243,removed,bulk_batch_14,,
53244,removed,bulk_batch_14,,
53245,removed,bulk_batch_14,,
53246,removed,bulk_batch_14,,
53247,removed,bulk_batch_14,,
53248,removed,bulk_batch_14,,
53249,removed,bulk_batch_14,,
53250,removed,bulk_batch_14,,
53251,removed,bulk_batch_14,,
53252,removed,bulk_batch_14,,
53253,removed,bulk_batch_14,,
53254,removed,bulk_batch_14,,
53256,removed,bulk_batch_14,,
53257,removed,bulk_batch_14,,
53258,removed,bulk_batch_14,,
53259,removed,bulk_batch_14,,
53261,removed,bulk_batch_14,,
53262,removed,bulk_batch_14,,
53263,removed,bulk_batch_14,,
53264,removed,bulk_batch_14,,
53265,removed,bulk_batch_14,,
53266,removed,bulk_batch_14,,
53267,removed,bulk_batch_14,,
53268,removed,bulk_batch_14,,
53270,removed,bulk_batch_14,,
53272,removed,bulk_batch_14,,
53273,removed,bulk_batch_14,,
53274,removed,bulk_batch_14,,
53275,removed,bulk_batch_14,,
53276,removed,bulk_batch_14,,
53277,removed,bulk_batch_14,,
53278,removed,bulk_batch_14,,
53279,removed,bulk_batch_14,,
53280,removed,bulk_batch_14,,
53281,removed,bulk_batch_14,,
53282,removed,bulk_batch_14,,
53283,removed,bulk_batch_14,,
53284,removed,bulk_batch_14,,
53285,removed,bulk_batch_14,,
53286,removed,bulk_batch_14,,
53287,removed,bulk_batch_14,,
53288,removed,bulk_batch_14,,
53289,removed,bulk_batch_14,,
53290,removed,bulk_batch_14,,
53291,removed,bulk_batch_14,,
53292,removed,bulk_batch_14,,
53293,removed,bulk_batch_14,,
53294,removed,bulk_batch_14,,
53295,removed,bulk_batch_14,,
53296,removed,bulk_batch_14,,
53297,removed,bulk_batch_14,,
53298,removed,bulk_batch_14,,
53300,removed,bulk_batch_14,,
53301,removed,bulk_batch_14,,
53302,removed,bulk_batch_14,,
53304,removed,bulk_batch_14,,
53305,removed,bulk_batch_14,,
53306,removed,bulk_batch_14,,
53307,removed,bulk_batch_14,,
53308,removed,bulk_batch_14,,
53311,removed,bulk_batch_14,,
53312,removed,bulk_batch_14,,
53313,removed,bulk_batch_14,,
53314,removed,bulk_batch_14,,
53315,removed,bulk_batch_14,,
53316,removed,bulk_batch_14,,
53317,removed,bulk_batch_14,,
53318,removed,bulk_batch_14,,
53319,removed,bulk_batch_14,,
53320,removed,bulk_batch_14,,
53321,removed,bulk_batch_14,,
53322,removed,bulk_batch_14,,
53323,removed,bulk_batch_14,,
53324,removed,bulk_batch_14,,
53325,removed,bulk_batch_14,,
53326,removed,bulk_batch_14,,
53330,removed,bulk_batch_14,,
53331,removed,bulk_batch_14,,
53332,removed,bulk_batch_14,,
53333,removed,bulk_batch_14,,
53334,removed,bulk_batch_14,,
53335,removed,bulk_batch_14,,
53336,removed,bulk_batch_14,,
53337,removed,bulk_batch_14,,
53338,removed,bulk_batch_14,,
53339,removed,bulk_batch_14,,
53340,removed,bulk_batch_14,,
53341,removed,bulk_batch_14,,
53342,removed,bulk_batch_14,,
53343,removed,bulk_batch_14,,
53344,removed,bulk_batch_14,,
53345,removed,bulk_batch_14,,
53346,removed,bulk_batch_14,,
53348,removed,bulk_batch_14,,
53349,removed,bulk_batch_14,,
53350,removed,bulk_batch_14,,
53351,removed,bulk_batch_14,,
53352,removed,bulk_batch_14,,
53353,removed,bulk_batch_14,,
53354,removed,bulk_batch_14,,
53355,removed,bulk_batch_14,,
53356,removed,bulk_batch_14,,
53357,removed,bulk_batch_14,,
53358,removed,bulk_batch_14,,
53359,removed,bulk_batch_14,,
53360,removed,bulk_batch_14,,
53361,removed,bulk_batch_14,,
53362,removed,bulk_batch_14,,
53363,removed,bulk_batch_14,,
53364,removed,bulk_batch_14,,
53365,removed,bulk_batch_14,,
53366,removed,bulk_batch_14,,
53367,removed,bulk_batch_14,,
53368,removed,bulk_batch_14,,
53369,removed,bulk_batch_14,,
53370,removed,bulk_batch_14,,
53371,removed,bulk_batch_14,,
53372,removed,bulk_batch_14,,
53374,removed,bulk_batch_14,,
53375,removed,bulk_batch_14,,
53376,removed,bulk_batch_14,,
53377,removed,bulk_batch_14,,
53378,removed,bulk_batch_14,,
53379,removed,bulk_batch_14,,
53380,removed,bulk_batch_14,,
53381,removed,bulk_batch_14,,
53382,removed,bulk_batch_14,,
53383,removed,bulk_batch_14,,
53384,removed,bulk_batch_14,,
53385,removed,bulk_batch_14,,
53386,removed,bulk_batch_14,,
53388,removed,bulk_batch_14,,
53389,removed,bulk_batch_14,,
53390,removed,bulk_batch_14,,
53391,removed,bulk_batch_14,,
53392,removed,bulk_batch_14,,
53393,removed,bulk_batch_14,,
53394,removed,bulk_batch_14,,
53395,removed,bulk_batch_14,,
53396,removed,bulk_batch_14,,
53397,removed,bulk_batch_15,,
53398,removed,bulk_batch_15,,
53399,removed,bulk_batch_15,,
53400,removed,bulk_batch_15,,
53401,removed,bulk_batch_15,,
53402,removed,bulk_batch_15,,
53403,removed,bulk_batch_15,,
53404,removed,bulk_batch_15,,
53405,removed,bulk_batch_15,,
53406,removed,bulk_batch_15,,
53407,removed,bulk_batch_15,,
53408,removed,bulk_batch_15,,
53409,removed,bulk_batch_15,,
53410,removed,bulk_batch_15,,
53411,removed,bulk_batch_15,,
53412,removed,bulk_batch_15,,
53413,removed,bulk_batch_15,,
53414,removed,bulk_batch_15,,
53415,removed,bulk_batch_15,,
53416,removed,bulk_batch_15,,
53417,removed,bulk_batch_15,,
53418,removed,bulk_batch_15,,
53419,removed,bulk_batch_15,,
53420,removed,bulk_batch_15,,
53421,removed,bulk_batch_15,,
53422,removed,bulk_batch_15,,
53423,removed,bulk_batch_15,,
53424,removed,bulk_batch_15,,
53425,removed,bulk_batch_15,,
53426,removed,bulk_batch_15,,
53427,removed,bulk_batch_15,,
53428,removed,bulk_batch_15,,
53429,removed,bulk_batch_15,,
53431,removed,bulk_batch_15,,
53432,removed,bulk_batch_15,,
53433,removed,bulk_batch_15,,
53434,removed,bulk_batch_15,,
53435,removed,bulk_batch_15,,
53436,removed,bulk_batch_15,,
53437,removed,bulk_batch_15,,
53438,removed,bulk_batch_15,,
53439,removed,bulk_batch_15,,
53440,removed,bulk_batch_15,,
53441,removed,bulk_batch_15,,
53442,removed,bulk_batch_15,,
53443,removed,bulk_batch_15,,
53444,removed,bulk_batch_15,,
53445,removed,bulk_batch_15,,
53446,removed,bulk_batch_15,,
53447,removed,bulk_batch_15,,
53448,removed,bulk_batch_15,,
53449,removed,bulk_batch_15,,
53450,removed,bulk_batch_15,,
53452,removed,bulk_batch_15,,
53453,removed,bulk_batch_15,,
53454,removed,bulk_batch_15,,
53455,removed,bulk_batch_15,,
53456,removed,bulk_batch_15,,
53457,removed,bulk_batch_15,,
53458,removed,bulk_batch_15,,
53459,removed,bulk_batch_15,,
53460,removed,bulk_batch_15,,
53461,removed,bulk_batch_15,,
53462,removed,bulk_batch_15,,
53463,removed,bulk_batch_15,,
53464,removed,bulk_batch_15,,
53465,removed,bulk_batch_15,,
53467,removed,bulk_batch_15,,
53468,removed,bulk_batch_15,,
53469,removed,bulk_batch_15,,
53470,removed,bulk_batch_15,,
53471,removed,bulk_batch_15,,
53472,removed,bulk_batch_15,,
53473,removed,bulk_batch_15,,
53474,removed,bulk_batch_15,,
53476,removed,bulk_batch_15,,
53477,removed,bulk_batch_15,,
53478,removed,bulk_batch_15,,
53479,removed,bulk_batch_15,,
53480,removed,bulk_batch_15,,
53481,removed,bulk_batch_15,,
53482,removed,bulk_batch_15,,
53483,removed,bulk_batch_15,,
53484,removed,bulk_batch_15,,
53485,removed,bulk_batch_15,,
53486,removed,bulk_batch_15,,
53487,removed,bulk_batch_15,,
53488,removed,bulk_batch_15,,
53489,removed,bulk_batch_15,,
53490,removed,bulk_batch_15,,
53491,removed,bulk_batch_15,,
53492,removed,bulk_batch_15,,
53493,removed,bulk_batch_15,,
53494,removed,bulk_batch_15,,
53495,removed,bulk_batch_15,,
53496,removed,bulk_batch_15,,
53498,removed,bulk_batch_15,,
53499,removed,bulk_batch_15,,
53500,removed,bulk_batch_15,,
53502,removed,bulk_batch_15,,
53503,removed,bulk_batch_15,,
53504,removed,bulk_batch_15,,
53505,removed,bulk_batch_15,,
53506,removed,bulk_batch_15,,
53508,removed,bulk_batch_15,,
53509,removed,bulk_batch_15,,
53510,removed,bulk_batch_15,,
53511,removed,bulk_batch_15,,
53512,removed,bulk_batch_15,,
53513,removed,bulk_batch_15,,
53514,removed,bulk_batch_15,,
53516,removed,bulk_batch_15,,
53517,removed,bulk_batch_15,,
53518,removed,bulk_batch_15,,
53519,removed,bulk_batch_15,,
53520,removed,bulk_batch_15,,
53521,removed,bulk_batch_15,,
53522,removed,bulk_batch_15,,
53523,removed,bulk_batch_15,,
53524,removed,bulk_batch_15,,
53526,removed,bulk_batch_15,,
53527,removed,bulk_batch_15,,
53528,removed,bulk_batch_15,,
53529,removed,bulk_batch_15,,
53530,removed,bulk_batch_15,,
53531,removed,bulk_batch_15,,
53532,removed,bulk_batch_15,,
53533,removed,bulk_batch_15,,
53534,removed,bulk_batch_15,,
53535,removed,bulk_batch_15,,
53536,removed,bulk_batch_15,,
53537,removed,bulk_batch_15,,
53538,removed,bulk_batch_15,,
53539,removed,bulk_batch_15,,
53540,removed,bulk_batch_15,,
53541,removed,bulk_batch_15,,
53542,removed,bulk_batch_15,,
53544,removed,bulk_batch_15,,
53545,removed,bulk_batch_15,,
53546,removed,bulk_batch_15,,
53547,removed,bulk_batch_15,,
53548,removed,bulk_batch_15,,
53550,removed,bulk_batch_15,,
53551,removed,bulk_batch_15,,
53552,removed,bulk_batch_15,,
53553,removed,bulk_batch_15,,
53554,removed,bulk_batch_15,,
53555,removed,bulk_batch_15,,
53556,removed,bulk_batch_15,,
53557,removed,bulk_batch_15,,
53558,removed,bulk_batch_15,,
53559,removed,bulk_batch_15,,
53560,removed,bulk_batch_15,,
53561,removed,bulk_batch_15,,
53562,removed,bulk_batch_15,,
53563,removed,bulk_batch_15,,
53564,removed,bulk_batch_15,,
53565,removed,bulk_batch_15,,
53566,removed,bulk_batch_15,,
53567,removed,bulk_batch_15,,
53569,removed,bulk_batch_15,,
53570,removed,bulk_batch_15,,
53571,removed,bulk_batch_15,,
53573,removed,bulk_batch_15,,
53575,removed,bulk_batch_15,,
53576,removed,bulk_batch_15,,
53577,removed,bulk_batch_15,,
53578,removed,bulk_batch_15,,
53579,removed,bulk_batch_15,,
53581,removed,bulk_batch_15,,
53583,removed,bulk_batch_15,,
53584,removed,bulk_batch_15,,
53585,removed,bulk_batch_15,,
53586,removed,bulk_batch_15,,
53587,removed,bulk_batch_15,,
53588,removed,bulk_batch_15,,
53589,removed,bulk_batch_15,,
53591,removed,bulk_batch_15,,
53592,removed,bulk_batch_15,,
53593,removed,bulk_batch_15,,
53594,removed,bulk_batch_15,,
53595,removed,bulk_batch_15,,
53596,removed,bulk_batch_15,,
53597,removed,bulk_batch_15,,
53598,removed,bulk_batch_15,,
53600,removed,bulk_batch_15,,
53601,removed,bulk_batch_15,,
53602,removed,bulk_batch_15,,
53603,removed,bulk_batch_15,,
53604,removed,bulk_batch_15,,
53605,removed,bulk_batch_15,,
53606,removed,bulk_batch_15,,
53607,removed,bulk_batch_15,,
53608,removed,bulk_batch_15,,
53609,removed,bulk_batch_15,,
53611,removed,bulk_batch_15,,
53612,removed,bulk_batch_15,,
53613,removed,bulk_batch_15,,
53614,removed,bulk_batch_15,,
53615,removed,bulk_batch_15,,
53616,removed,bulk_batch_16,,
53617,removed,bulk_batch_16,,
53618,removed,bulk_batch_16,,
53619,removed,bulk_batch_16,,
53620,removed,bulk_batch_16,,
53621,removed,bulk_batch_16,,
53623,removed,bulk_batch_16,,
53624,removed,bulk_batch_16,,
53625,removed,bulk_batch_16,,
53626,removed,bulk_batch_16,,
53627,removed,bulk_batch_16,,
53628,removed,bulk_batch_16,,
53629,removed,bulk_batch_16,,
53630,removed,bulk_batch_16,,
53631,removed,bulk_batch_16,,
53632,removed,bulk_batch_16,,
53633,removed,bulk_batch_16,,
53635,removed,bulk_batch_16,,
53636,removed,bulk_batch_16,,
53637,removed,bulk_batch_16,,
53638,removed,bulk_batch_16,,
53639,removed,bulk_batch_16,,
53640,removed,bulk_batch_16,,
53641,removed,bulk_batch_16,,
53642,removed,bulk_batch_16,,
53643,removed,bulk_batch_16,,
53644,removed,bulk_batch_16,,
53645,removed,bulk_batch_16,,
53646,removed,bulk_batch_16,,
53647,removed,bulk_batch_16,,
53648,removed,bulk_batch_16,,
53649,removed,bulk_batch_16,,
53650,removed,bulk_batch_16,,
53651,removed,bulk_batch_16,,
53652,removed,bulk_batch_16,,
53653,removed,bulk_batch_16,,
53654,removed,bulk_batch_16,,
53655,removed,bulk_batch_16,,
53656,removed,bulk_batch_16,,
53657,removed,bulk_batch_16,,
53658,removed,bulk_batch_16,,
53659,removed,bulk_batch_16,,
53660,removed,bulk_batch_16,,
53661,removed,bulk_batch_16,,
53662,removed,bulk_batch_16,,
53663,removed,bulk_batch_16,,
53664,removed,bulk_batch_16,,
53665,removed,bulk_batch_16,,
53666,removed,bulk_batch_16,,
53667,removed,bulk_batch_16,,
53668,removed,bulk_batch_16,,
53669,removed,bulk_batch_16,,
53671,removed,bulk_batch_16,,
53672,removed,bulk_batch_16,,
53673,removed,bulk_batch_16,,
53674,removed,bulk_batch_16,,
53675,removed,bulk_batch_16,,
53676,removed,bulk_batch_16,,
53677,removed,bulk_batch_16,,
53678,removed,bulk_batch_16,,
53679,removed,bulk_batch_16,,
53680,removed,bulk_batch_16,,
53681,removed,bulk_batch_16,,
53682,removed,bulk_batch_16,,
53683,removed,bulk_batch_16,,
53684,removed,bulk_batch_16,,
53685,removed,bulk_batch_16,,
53686,removed,bulk_batch_16,,
53687,removed,bulk_batch_16,,
53688,removed,bulk_batch_16,,
53689,removed,bulk_batch_16,,
53690,removed,bulk_batch_16,,
53691,removed,bulk_batch_16,,
53692,removed,bulk_batch_16,,
53693,removed,bulk_batch_16,,
53694,removed,bulk_batch_16,,
53695,removed,bulk_batch_16,,
53696,removed,bulk_batch_16,,
53697,removed,bulk_batch_16,,
53698,removed,bulk_batch_16,,
53699,removed,bulk_batch_16,,
53700,removed,bulk_batch_16,,
53701,removed,bulk_batch_16,,
53702,removed,bulk_batch_16,,
53703,removed,bulk_batch_16,,
53704,removed,bulk_batch_16,,
53705,removed,bulk_batch_16,,
53706,removed,bulk_batch_16,,
53707,removed,bulk_batch_16,,
53708,removed,bulk_batch_16,,
53709,removed,bulk_batch_16,,
53710,removed,bulk_batch_16,,
53711,removed,bulk_batch_16,,
53712,removed,bulk_batch_16,,
53713,removed,bulk_batch_16,,
53714,removed,bulk_batch_16,,
53715,removed,bulk_batch_16,,
53716,removed,bulk_batch_16,,
53717,removed,bulk_batch_16,,
53718,removed,bulk_batch_16,,
53719,removed,bulk_batch_16,,
53720,removed,bulk_batch_16,,
53721,removed,bulk_batch_16,,
53722,removed,bulk_batch_16,,
53723,removed,bulk_batch_16,,
53724,removed,bulk_batch_16,,
53726,removed,bulk_batch_16,,
53727,removed,bulk_batch_16,,
53728,removed,bulk_batch_16,,
53729,removed,bulk_batch_16,,
53730,removed,bulk_batch_16,,
53731,removed,bulk_batch_16,,
53732,removed,bulk_batch_16,,
53733,removed,bulk_batch_16,,
53734,removed,bulk_batch_16,,
53736,removed,bulk_batch_16,,
53737,removed,bulk_batch_16,,
53738,removed,bulk_batch_16,,
53739,removed,bulk_batch_16,,
53740,removed,bulk_batch_16,,
53741,removed,bulk_batch_16,,
53742,removed,bulk_batch_16,,
53743,removed,bulk_batch_16,,
53744,removed,bulk_batch_16,,
53745,removed,bulk_batch_16,,
53746,removed,bulk_batch_16,,
53747,removed,bulk_batch_16,,
53748,removed,bulk_batch_16,,
53749,removed,bulk_batch_16,,
53750,removed,bulk_batch_16,,
53751,removed,bulk_batch_16,,
53752,removed,bulk_batch_16,,
53753,removed,bulk_batch_16,,
53754,removed,bulk_batch_16,,
53792,removed,bulk_batch_16,,
53794,removed,bulk_batch_16,,
53795,removed,bulk_batch_16,,
53796,removed,bulk_batch_16,,
53798,removed,bulk_batch_16,,
53799,removed,bulk_batch_16,,
53800,removed,bulk_batch_16,,
53801,removed,bulk_batch_16,,
53802,removed,bulk_batch_16,,
53803,removed,bulk_batch_16,,
53804,removed,bulk_batch_16,,
53805,removed,bulk_batch_16,,
53806,removed,bulk_batch_16,,
53807,removed,bulk_batch_16,,
53808,removed,bulk_batch_16,,
53809,removed,bulk_batch_16,,
53810,removed,bulk_batch_16,,
53811,removed,bulk_batch_16,,
53812,removed,bulk_batch_16,,
53813,removed,bulk_batch_16,,
53815,removed,bulk_batch_16,,
53816,removed,bulk_batch_16,,
53817,removed,bulk_batch_16,,
53818,removed,bulk_batch_16,,
53819,removed,bulk_batch_16,,
53820,removed,bulk_batch_16,,
53821,removed,bulk_batch_16,,
53822,removed,bulk_batch_16,,
53823,removed,bulk_batch_16,,
53824,removed,bulk_batch_16,,
53825,removed,bulk_batch_16,,
53826,removed,bulk_batch_16,,
53827,removed,bulk_batch_16,,
53828,removed,bulk_batch_16,,
53829,removed,bulk_batch_16,,
53830,removed,bulk_batch_16,,
53831,removed,bulk_batch_16,,
53832,removed,bulk_batch_16,,
53833,removed,bulk_batch_16,,
53834,removed,bulk_batch_16,,
53835,removed,bulk_batch_16,,
53836,removed,bulk_batch_16,,
53837,removed,bulk_batch_16,,
53838,removed,bulk_batch_16,,
53839,removed,bulk_batch_16,,
53840,removed,bulk_batch_16,,
53842,removed,bulk_batch_16,,
53843,removed,bulk_batch_16,,
53844,removed,bulk_batch_16,,
53845,removed,bulk_batch_16,,
53846,removed,bulk_batch_16,,
53847,removed,bulk_batch_16,,
53848,removed,bulk_batch_16,,
53850,removed,bulk_batch_16,,
53851,removed,bulk_batch_16,,
53852,removed,bulk_batch_16,,
53853,removed,bulk_batch_16,,
53854,removed,bulk_batch_16,,
53855,removed,bulk_batch_16,,
53856,removed,bulk_batch_16,,
53857,removed,bulk_batch_16,,
53858,removed,bulk_batch_16,,
53859,removed,bulk_batch_16,,
53860,removed,bulk_batch_16,,
53861,removed,bulk_batch_16,,
53862,removed,bulk_batch_16,,
53863,removed,bulk_batch_17,,
53865,removed,bulk_batch_17,,
53866,removed,bulk_batch_17,,
53867,removed,bulk_batch_17,,
53868,removed,bulk_batch_17,,
53869,removed,bulk_batch_17,,
53870,removed,bulk_batch_17,,
53871,removed,bulk_batch_17,,
53872,removed,bulk_batch_17,,
53873,removed,bulk_batch_17,,
53874,removed,bulk_batch_17,,
53875,removed,bulk_batch_17,,
53876,removed,bulk_batch_17,,
53877,removed,bulk_batch_17,,
53938,removed,bulk_batch_17,,
53939,removed,bulk_batch_17,,
53940,removed,bulk_batch_17,,
53941,removed,bulk_batch_17,,
53942,removed,bulk_batch_17,,
53943,removed,bulk_batch_17,,
53944,removed,bulk_batch_17,,
53945,removed,bulk_batch_17,,
53946,removed,bulk_batch_17,,
53947,removed,bulk_batch_17,,
53948,removed,bulk_batch_17,,
53949,removed,bulk_batch_17,,
53950,removed,bulk_batch_17,,
53951,removed,bulk_batch_17,,
53952,removed,bulk_batch_17,,
53953,removed,bulk_batch_17,,
53954,removed,bulk_batch_17,,
53955,removed,bulk_batch_17,,
53956,removed,bulk_batch_17,,
53957,removed,bulk_batch_17,,
53958,removed,bulk_batch_17,,
53960,removed,bulk_batch_17,,